date,target_date,sample_split,btc_lstm_pred_forward_return_30p,btc_lstm_actual_forward_return_30p,btc_lstm_residual_forward_return_30p
2018-02-08,2018-03-23,train,0.29040107,0.074287534,-0.21611354
2018-02-09,2018-03-26,train,0.06706847,-0.060384717,-0.1274532
2018-02-12,2018-03-27,train,-0.033967175,-0.12250285,-0.088535674
2018-02-13,2018-03-28,train,-0.044487312,-0.074878626,-0.030391313
2018-02-14,2018-03-29,train,-0.12871243,-0.24528915,-0.11657672
2018-02-15,2018-04-02,train,-0.20406474,-0.30321455,-0.09914981
2018-02-16,2018-04-03,train,-0.175678,-0.27143028,-0.095752284
2018-02-20,2018-04-04,train,-0.25540575,-0.39898106,-0.14357531
2018-02-21,2018-04-05,train,-0.3071431,-0.36284238,-0.05569929
2018-02-22,2018-04-06,train,-0.2807944,-0.33669966,-0.055905253
2018-02-23,2018-04-09,train,-0.2915863,-0.34271774,-0.051131427
2018-02-26,2018-04-10,train,-0.28796503,-0.34070054,-0.052735507
2018-02-27,2018-04-11,train,-0.32695177,-0.35030952,-0.023357749
2018-02-28,2018-04-12,train,-0.3088227,-0.24126509,0.0675576
2018-03-01,2018-04-13,train,-0.2541791,-0.2789736,-0.024794519
2018-03-02,2018-04-16,train,-0.2663539,-0.27310312,-0.0067492127
2018-03-05,2018-04-17,train,-0.23584194,-0.31721377,-0.08137183
2018-03-06,2018-04-18,train,-0.20539546,-0.24271843,-0.03732297
2018-03-07,2018-04-19,train,-0.13980466,-0.16770348,-0.027898818
2018-03-08,2018-04-20,train,-0.0028468166,-0.0584544,-0.055607587
2018-03-09,2018-04-23,train,-0.057614386,-0.0435521,0.014062285
2018-03-12,2018-04-24,train,-0.0035209209,0.053489782,0.057010703
2018-03-13,2018-04-25,train,0.040776,-0.037967928,-0.07874393
2018-03-14,2018-04-26,train,0.12450465,0.122336574,-0.0021680743
2018-03-15,2018-04-27,train,0.12651388,0.08266486,-0.04384902
2018-03-16,2018-04-30,train,0.15339495,0.108198896,-0.045196056
2018-03-19,2018-05-01,train,0.16248219,0.056584306,-0.10589788
2018-03-20,2018-05-02,train,0.1618496,0.03617561,-0.125674
2018-03-21,2018-05-03,train,0.13909495,0.09122573,-0.04786922
2018-03-22,2018-05-04,train,0.20637862,0.11139295,-0.09498567
2018-03-23,2018-05-07,train,0.15290524,0.055564273,-0.09734097
2018-03-26,2018-05-08,train,0.16305846,0.124908015,-0.038150445
2018-03-27,2018-05-09,train,0.27760714,0.19049305,-0.087114096
2018-03-28,2018-05-10,train,0.29521647,0.13696186,-0.15825461
2018-03-29,2018-05-11,train,0.2991597,0.17804122,-0.121118486
2018-04-02,2018-05-14,train,0.34250903,0.23052461,-0.11198442
2018-04-03,2018-05-15,train,0.24700798,0.14139679,-0.10561119
2018-04-04,2018-05-16,train,0.30740806,0.22104254,-0.08636552
2018-04-05,2018-05-17,train,0.30663642,0.18833667,-0.11829975
2018-04-06,2018-05-18,train,0.3056365,0.24330501,-0.062331483
2018-04-09,2018-05-21,train,0.21414341,0.24343908,0.029295668
2018-04-10,2018-05-22,train,0.21522355,0.17660022,-0.038623333
2018-04-11,2018-05-23,train,0.20935099,0.08459715,-0.12475384
2018-04-12,2018-05-24,train,-0.055625208,-0.03826855,0.017356656
2018-04-13,2018-05-25,train,-0.024354672,-0.052662354,-0.028307682
2018-04-16,2018-05-29,train,-0.043625496,-0.07272665,-0.029101156
2018-04-17,2018-05-30,train,0.0019502677,-0.062713765,-0.064664036
2018-04-18,2018-05-31,train,-0.008517504,-0.08198157,-0.073464066
2018-04-19,2018-06-01,train,-0.060605794,-0.09076818,-0.030162387
2018-04-20,2018-06-04,train,-0.13670668,-0.15050706,-0.013800383
2018-04-23,2018-06-05,train,-0.18757349,-0.1452399,0.042333588
2018-04-24,2018-06-06,train,-0.1680205,-0.21072648,-0.042705983
2018-04-25,2018-06-07,train,-0.18098162,-0.13198443,0.048997194
2018-04-26,2018-06-08,train,-0.2338671,-0.1784828,0.055384293
2018-04-27,2018-06-11,train,-0.23118503,-0.23145859,-0.00027355552
2018-04-30,2018-06-12,train,-0.25923717,-0.28766578,-0.028428614
2018-05-01,2018-06-13,train,-0.33679983,-0.30366343,0.033136398
2018-05-02,2018-06-14,train,-0.32535708,-0.27724037,0.048116714
2018-05-03,2018-06-15,train,-0.29951352,-0.33736938,-0.037855864
2018-05-04,2018-06-18,train,-0.34067968,-0.30574307,0.034936607
2018-05-07,2018-06-19,train,-0.3151035,-0.27771974,0.037383765
2018-05-08,2018-06-20,train,-0.3448052,-0.2661958,0.07860941
2018-05-09,2018-06-21,train,-0.34429634,-0.27832595,0.06597039
2018-05-10,2018-06-22,train,-0.36413512,-0.32731867,0.036816448
2018-05-11,2018-06-25,train,-0.32266787,-0.25970653,0.06296134
2018-05-14,2018-06-26,train,-0.302147,-0.3009273,0.0012196898
2018-05-15,2018-06-27,train,-0.30898735,-0.27651528,0.032472074
2018-05-16,2018-06-28,train,-0.28066245,-0.29459196,-0.013929516
2018-05-17,2018-06-29,train,-0.264901,-0.23176993,0.033131078
2018-05-18,2018-07-02,train,-0.25662425,-0.19837542,0.058248833
2018-05-21,2018-07-03,train,-0.25101653,-0.22442126,0.026595265
2018-05-22,2018-07-05,train,-0.18731381,-0.17441906,0.01289475
2018-05-23,2018-07-06,train,-0.12857525,-0.11700726,0.0115679875
2018-05-24,2018-07-09,train,-0.13432674,-0.11144747,0.022879273
2018-05-25,2018-07-10,train,-0.091463,-0.15376583,-0.062302828
2018-05-29,2018-07-11,train,-0.046278752,-0.14424449,-0.09796574
2018-05-30,2018-07-12,train,-0.10127143,-0.15900989,-0.05773846
2018-05-31,2018-07-13,train,-0.100015946,-0.16761297,-0.067597024
2018-06-01,2018-07-16,train,-0.10389894,-0.10604064,-0.0021416992
2018-06-04,2018-07-17,train,-0.072872855,-0.025741026,0.04713183
2018-06-05,2018-07-18,train,-0.043490686,-0.0344496,0.009041086
2018-06-06,2018-07-19,train,-0.010527179,-0.024447426,-0.013920248
2018-06-07,2018-07-20,train,-0.0016581267,-0.04221154,-0.040553413
2018-06-08,2018-07-23,train,0.05869264,0.011303717,-0.047388926
2018-06-11,2018-07-24,train,0.12469876,0.21968542,0.09498666
2018-06-12,2018-07-25,train,0.18789129,0.2429266,0.055035308
2018-06-13,2018-07-26,train,0.19742161,0.25223708,0.05481547
2018-06-14,2018-07-27,train,0.22850952,0.22315829,-0.0053512305
2018-06-15,2018-07-30,train,0.25952238,0.26699892,0.0074765384
2018-06-18,2018-07-31,train,0.20295165,0.15525584,-0.047695816
2018-06-19,2018-08-01,train,0.22590102,0.12628919,-0.09961183
2018-06-20,2018-08-02,train,0.17773035,0.116667055,-0.061063297
2018-06-21,2018-08-03,train,0.19806425,0.10470685,-0.0933574
2018-06-22,2018-08-06,train,0.21588175,0.14269462,-0.07318713
2018-06-25,2018-08-07,train,0.18443729,0.08064097,-0.10379632
2018-06-26,2018-08-08,train,0.18965279,0.034811515,-0.15484127
2018-06-27,2018-08-09,train,0.24400674,0.06676814,-0.1772386
2018-06-28,2018-08-10,train,0.22880754,0.047645107,-0.18116243
2018-06-29,2018-08-13,train,0.12526476,0.0127478605,-0.1125169
2018-07-02,2018-08-14,train,0.0181314,-0.06266388,-0.08079528
2018-07-03,2018-08-15,train,-0.032061957,-0.033856615,-0.0017946586
2018-07-05,2018-08-16,train,-0.03714478,-0.04585084,-0.008706059
2018-07-06,2018-08-17,train,-0.044158466,-0.013916253,0.030242212
2018-07-09,2018-08-20,train,0.034156047,-0.06425931,-0.09841536
2018-07-10,2018-08-21,train,0.06407588,0.025088597,-0.038987283
2018-07-11,2018-08-22,train,0.078009546,-0.0028148266,-0.080824375
2018-07-12,2018-08-23,train,0.15580295,0.049137767,-0.10666518
2018-07-13,2018-08-24,train,0.12230048,0.077253334,-0.04504715
2018-07-16,2018-08-27,train,0.015519723,0.021194814,0.0056750905
2018-07-17,2018-08-28,train,-0.04734475,-0.03070059,0.016644161
2018-07-18,2018-08-29,train,-0.09612719,-0.043905754,0.052221436
2018-07-19,2018-08-30,train,-0.1249119,-0.065439805,0.05947209
2018-07-20,2018-08-31,train,-0.15461786,-0.043043815,0.11157405
2018-07-23,2018-09-04,train,-0.17931333,-0.04531769,0.13399564
2018-07-24,2018-09-05,train,-0.21801613,-0.19365945,0.024356678
2018-07-25,2018-09-06,train,-0.20185924,-0.2019486,-8.9362264e-05
2018-07-26,2018-09-07,train,-0.20709865,-0.18669374,0.020404905
2018-07-27,2018-09-10,train,-0.23825516,-0.22477739,0.0134777725
2018-07-30,2018-09-11,train,-0.22193693,-0.22728248,-0.005345553
2018-07-31,2018-09-12,train,-0.1807802,-0.18361945,-0.0028392524
2018-08-01,2018-09-13,train,-0.1694033,-0.14526074,0.024142563
2018-08-02,2018-09-14,train,-0.17268327,-0.1393444,0.033338875
2018-08-03,2018-09-17,train,-0.17246892,-0.1551156,0.017353311
2018-08-06,2018-09-18,train,-0.09498518,-0.08350355,0.011481628
2018-08-07,2018-09-19,train,-0.038279377,-0.05250611,-0.014226735
2018-08-08,2018-09-20,train,-0.0013381634,0.033916414,0.035254575
2018-08-09,2018-09-21,train,0.009971617,0.025382822,0.015411206
2018-08-10,2018-09-24,train,0.074667804,0.066405736,-0.008262068
2018-08-13,2018-09-25,train,0.09552513,0.023644103,-0.071881026
2018-08-14,2018-09-26,train,0.04917223,0.047629654,-0.0015425757
2018-08-15,2018-09-27,train,0.051175848,0.058370262,0.0071944147
2018-08-16,2018-09-28,train,0.036357217,0.048841845,0.012484629
2018-08-17,2018-10-01,train,-0.0026178788,0.0013661662,0.0039840452
2018-08-20,2018-10-02,train,0.0078000855,0.039243743,0.031443655
2018-08-21,2018-10-03,train,0.026085954,0.0021313902,-0.023954565
2018-08-22,2018-10-04,train,0.039156903,0.031360995,-0.0077959076
2018-08-23,2018-10-05,train,0.028981147,0.0134050045,-0.015576143
2018-08-24,2018-10-08,train,0.056491643,-0.010078927,-0.06657057
2018-08-27,2018-10-09,train,0.061105616,-0.03515071,-0.09625633
2018-08-28,2018-10-10,train,0.008784036,-0.07197433,-0.08075836
2018-08-29,2018-10-11,train,0.02307267,-0.11223243,-0.1353051
2018-08-30,2018-10-12,train,0.012620539,-0.10083501,-0.11345555
2018-08-31,2018-10-15,train,0.03823629,-0.06266928,-0.10090557
2018-09-04,2018-10-16,train,-0.04142444,-0.10399153,-0.06256709
2018-09-05,2018-10-17,train,0.049928047,-0.036567956,-0.086496
2018-09-06,2018-10-18,train,0.05862218,-0.008034706,-0.06665689
2018-09-07,2018-10-19,train,0.0690282,-0.00025663368,-0.069284834
2018-09-10,2018-10-22,train,0.091683224,0.02487637,-0.06680685
2018-09-11,2018-10-23,train,0.124858536,0.024447896,-0.10041064
2018-09-12,2018-10-24,train,0.12497537,0.022677043,-0.10229833
2018-09-13,2018-10-25,train,0.07052159,-0.0062940107,-0.076815605
2018-09-14,2018-10-26,train,0.08021464,-0.005828597,-0.08604324
2018-09-17,2018-10-29,train,0.097745836,0.008187876,-0.08955796
2018-09-18,2018-10-30,train,0.09107297,-0.005811967,-0.096884936
2018-09-19,2018-10-31,train,0.090313874,-0.012648226,-0.1029621
2018-09-20,2018-11-01,train,0.076926485,-0.021763394,-0.09868988
2018-09-21,2018-11-02,train,0.013180317,-0.051449563,-0.06462988
2018-09-24,2018-11-05,train,0.0233997,-0.02664732,-0.050047018
2018-09-25,2018-11-06,train,0.030378385,0.0022554283,-0.028122956
2018-09-26,2018-11-07,train,-0.010981007,0.005410337,0.016391344
2018-09-27,2018-11-08,train,-0.047447458,-0.033403944,0.014043514
2018-09-28,2018-11-09,train,-0.045780614,-0.038907994,0.0068726204
2018-10-01,2018-11-12,train,-0.0972527,-0.03313546,0.06411724
2018-10-02,2018-11-13,train,-0.032614715,-0.029988844,0.0026258714
2018-10-03,2018-11-14,train,-0.06114445,-0.11752852,-0.05638407
2018-10-04,2018-11-15,train,-0.13525522,-0.14120479,-0.0059495717
2018-10-05,2018-11-16,train,-0.16050242,-0.15808733,0.0024150908
2018-10-08,2018-11-19,train,-0.21319605,-0.26769066,-0.054494604
2018-10-09,2018-11-20,train,-0.22024952,-0.32980412,-0.1095546
2018-10-10,2018-11-21,train,-0.24696402,-0.30116937,-0.054205343
2018-10-11,2018-11-23,train,-0.2556216,-0.30515617,-0.04953456
2018-10-12,2018-11-26,train,-0.31198078,-0.3977079,-0.085727125
2018-10-15,2018-11-27,train,-0.4065338,-0.4207994,-0.014265597
2018-10-16,2018-11-28,train,-0.35276827,-0.35455593,-0.0017876625
2018-10-17,2018-11-29,train,-0.36923957,-0.346185,0.02305457
2018-10-18,2018-11-30,train,-0.36844814,-0.3797362,-0.011288077
2018-10-19,2018-12-03,train,-0.40086105,-0.39769778,0.003163278
2018-10-22,2018-12-04,train,-0.4357266,-0.39004222,0.045684397
2018-10-23,2018-12-06,train,-0.4802839,-0.45626265,0.024021238
2018-10-24,2018-12-07,train,-0.4053544,-0.47351885,-0.06816444
2018-10-25,2018-12-10,train,-0.5089165,-0.45915702,0.049759477
2018-10-26,2018-12-11,train,-0.48207638,-0.47108567,0.010990709
2018-10-29,2018-12-12,train,-0.5006319,-0.44936776,0.051264167
2018-10-30,2018-12-13,train,-0.5586354,-0.47686517,0.08177024
2018-10-31,2018-12-14,train,-0.57703966,-0.4867545,0.09028515
2018-11-01,2018-12-17,train,-0.5579134,-0.44402835,0.113885075
2018-11-02,2018-12-18,train,-0.51438975,-0.42144576,0.092943996
2018-11-05,2018-12-19,train,-0.5164516,-0.4164877,0.0999639
2018-11-06,2018-12-20,train,-0.519705,-0.36009362,0.15961137
2018-11-07,2018-12-21,train,-0.51900345,-0.40329862,0.115704834
2018-11-08,2018-12-24,train,-0.4477053,-0.36802357,0.079681724
2018-11-09,2018-12-26,train,-0.45554993,-0.39594,0.05960992
2018-11-12,2018-12-27,train,-0.43732888,-0.42635715,0.010971725
2018-11-13,2018-12-28,train,-0.4395794,-0.3829822,0.056597203
2018-11-14,2018-12-31,train,-0.36840007,-0.34777412,0.020625949
2018-11-15,2019-01-02,train,-0.36840898,-0.30180797,0.06660101
2018-11-16,2019-01-03,train,-0.34335217,-0.31186315,0.031489015
2018-11-19,2019-01-04,train,-0.18540117,-0.2081032,-0.022702023
2018-11-20,2019-01-07,train,-0.10728075,-0.0958298,0.011450954
2018-11-21,2019-01-08,train,-0.17801319,-0.12414188,0.05387131
2018-11-23,2019-01-09,train,-0.04321435,-0.071728915,-0.028514564
2018-11-26,2019-01-10,train,-0.01744329,-0.026515448,-0.0090721585
2018-11-27,2019-01-11,train,-0.038449995,-0.034902975,0.0035470203
2018-11-28,2019-01-14,train,-0.17689295,-0.12950747,0.047385484
2018-11-29,2019-01-15,train,-0.1068354,-0.15148273,-0.04464733
2018-11-30,2019-01-16,train,-0.08217237,-0.09017613,-0.008003756
2018-12-03,2019-01-17,train,-0.037753694,-0.05535687,-0.017603178
2018-12-04,2019-01-18,train,0.0057105925,-0.07557808,-0.08128867
2018-12-06,2019-01-22,train,0.10512414,0.023707164,-0.08141697
2018-12-07,2019-01-23,train,0.050613686,0.048300825,-0.0023128614
2018-12-10,2019-01-24,train,0.011994367,0.028038573,0.016044205
2018-12-11,2019-01-25,train,0.08435639,0.051152933,-0.033203457
2018-12-12,2019-01-28,train,0.055458307,-0.0047318586,-0.060190167
2018-12-13,2019-01-29,train,0.12792854,0.04057115,-0.08735739
2018-12-14,2019-01-30,train,0.16280942,0.07515741,-0.087652005
2018-12-17,2019-01-31,train,0.03828331,-0.024837952,-0.06312126
2018-12-18,2019-02-01,train,-0.03236515,-0.05630694,-0.023941789
2018-12-19,2019-02-04,train,-0.08150252,-0.07656177,0.004940748
2018-12-20,2019-02-05,train,-0.14211924,-0.1615899,-0.019470662
2018-12-21,2019-02-06,train,-0.1594445,-0.12389849,0.035546005
2018-12-24,2019-02-07,train,-0.118217595,-0.16650997,-0.048292376
2018-12-26,2019-02-08,train,-0.08950911,-0.0493914,0.040117707
2018-12-27,2019-02-11,train,0.004413412,-0.0017518806,-0.0061652926
2018-12-28,2019-02-12,train,-0.04913272,-0.06890819,-0.019775473
2018-12-31,2019-02-13,train,-0.06286242,-0.02955884,0.03330358
2019-01-02,2019-02-14,train,-0.02658101,-0.082803614,-0.056222603
2019-01-03,2019-02-15,train,-0.08679692,-0.05627964,0.030517276
2019-01-04,2019-02-19,train,-0.08501637,0.023168352,0.108184725
2019-01-07,2019-02-20,train,-0.051932216,-0.00631706,0.045615155
2019-01-08,2019-02-21,train,-0.058779404,-0.019035632,0.039743774
2019-01-09,2019-02-22,train,-0.08000859,-0.0073773456,0.07263124
2019-01-10,2019-02-25,train,-0.02753103,0.05538894,0.08291997
2019-01-11,2019-02-26,train,0.05716978,0.045287736,-0.011882044
2019-01-14,2019-02-27,train,0.06601199,0.039123874,-0.026888113
2019-01-15,2019-02-28,train,0.074423626,0.06172684,-0.012696788
2019-01-16,2019-03-01,train,0.04852827,0.05597169,0.0074434206
2019-01-17,2019-03-04,train,0.05924569,0.022561295,-0.036684394
2019-01-18,2019-03-05,train,0.035655454,0.06521217,0.029556714
2019-01-22,2019-03-06,train,0.02122652,0.08305148,0.061824962
2019-01-23,2019-03-07,train,0.036370598,0.09103211,0.054661512
2019-01-24,2019-03-08,train,0.04917387,0.0833872,0.034213334
2019-01-25,2019-03-11,train,0.11389423,0.084855914,-0.029038318
2019-01-28,2019-03-12,train,0.15512608,0.12641178,-0.0287143
2019-01-29,2019-03-13,train,0.15320222,0.13300022,-0.020201996
2019-01-30,2019-03-14,train,0.1277541,0.12569268,-0.0020614266
2019-01-31,2019-03-15,train,0.18969233,0.14550276,-0.044189572
2019-02-01,2019-03-18,train,0.20059119,0.15612687,-0.04446432
2019-02-04,2019-03-19,train,0.20467952,0.17693232,-0.027747199
2019-02-05,2019-03-20,train,0.2406656,0.1791849,-0.0614807
2019-02-06,2019-03-21,train,0.23711435,0.18031663,-0.056797728
2019-02-07,2019-03-22,train,0.17788555,0.183704,0.0058184564
2019-02-08,2019-03-25,train,0.14266717,0.08080394,-0.061863236
2019-02-11,2019-03-26,train,0.15470159,0.09227259,-0.062429003
2019-02-12,2019-03-27,train,0.21033008,0.11866271,-0.09166738
2019-02-13,2019-03-28,train,0.20392285,0.12032713,-0.08359572
2019-02-14,2019-03-29,train,0.1966773,0.13312401,-0.06355329
2019-02-15,2019-04-01,train,0.21432409,0.14841215,-0.065911934
2019-02-19,2019-04-02,train,0.17800139,0.23632154,0.05832015
2019-02-20,2019-04-03,train,0.22142033,0.24331127,0.021890938
2019-02-21,2019-04-04,train,0.2720941,0.2449802,-0.0271139
2019-02-22,2019-04-05,train,0.30803367,0.25743294,-0.050600737
2019-02-25,2019-04-08,train,0.36297324,0.36239627,-0.00057697296
2019-02-26,2019-04-09,train,0.3683394,0.3504087,-0.017930686
2019-02-27,2019-04-10,train,0.40043572,0.38262433,-0.017811388
2019-02-28,2019-04-11,train,0.41869476,0.31381834,-0.10487643
2019-03-01,2019-04-12,train,0.44619128,0.31867564,-0.12751564
2019-03-04,2019-04-15,train,0.47516733,0.34707734,-0.12809
2019-03-05,2019-04-16,train,0.46926704,0.3437001,-0.12556693
2019-03-06,2019-04-17,train,0.43954495,0.34529078,-0.094254166
2019-03-07,2019-04-18,train,0.35314456,0.3545716,0.0014270544
2019-03-08,2019-04-22,train,0.41890097,0.38405102,-0.03484994
2019-03-11,2019-04-23,train,0.51157993,0.42689833,-0.0846816
2019-03-12,2019-04-24,train,0.49227157,0.3979658,-0.09430578
2019-03-13,2019-04-25,train,0.45152435,0.33373246,-0.11779189
2019-03-14,2019-04-26,train,0.5056066,0.34527308,-0.16033351
2019-03-15,2019-04-29,train,0.5140782,0.32478422,-0.18929398
2019-03-18,2019-04-30,train,0.5194031,0.32689816,-0.19250494
2019-03-19,2019-05-01,train,0.55038184,0.327056,-0.22332585
2019-03-20,2019-05-02,train,0.4963819,0.3468662,-0.14951572
2019-03-21,2019-05-03,train,0.54856193,0.43157646,-0.11698547
2019-03-22,2019-05-06,train,0.578008,0.42814425,-0.14986375
2019-03-25,2019-05-07,train,0.56102514,0.47095576,-0.09006938
2019-03-26,2019-05-08,train,0.5941889,0.5012136,-0.09297532
2019-03-27,2019-05-09,train,0.5617796,0.51074845,-0.051031172
2019-03-28,2019-05-10,train,0.6280008,0.5676287,-0.060372114
2019-03-29,2019-05-13,train,0.6600058,0.9068328,0.246827
2019-04-01,2019-05-14,train,0.69373375,0.9225743,0.22884053
2019-04-02,2019-05-15,train,0.5473636,0.6814289,0.13406533
2019-04-03,2019-05-16,train,0.55009425,0.5855368,0.03544253
2019-04-04,2019-05-17,train,0.5751784,0.49181303,-0.08336535
2019-04-05,2019-05-20,train,0.5802933,0.58404094,0.003747642
2019-04-08,2019-05-21,train,0.5151399,0.5054201,-0.009719789
2019-04-09,2019-05-22,train,0.52575946,0.47552884,-0.050230622
2019-04-10,2019-05-23,train,0.55461,0.48028362,-0.074326396
2019-04-11,2019-05-24,train,0.6391059,0.5771332,-0.061972737
2019-04-12,2019-05-28,train,0.697098,0.7133107,0.016212702
2019-04-15,2019-05-29,train,0.658164,0.70896035,0.05079633
2019-04-16,2019-05-30,train,0.6461948,0.5890322,-0.057162642
2019-04-17,2019-05-31,train,0.66436243,0.6326358,-0.03172666
2019-04-18,2019-06-03,train,0.64952195,0.5493389,-0.10018307
2019-04-22,2019-06-04,train,0.6823688,0.4275328,-0.25483602
2019-04-23,2019-06-05,train,0.6236717,0.40411392,-0.21955779
2019-04-24,2019-06-06,train,0.5316019,0.43132922,-0.100272685
2019-04-25,2019-06-07,train,0.5675621,0.5437918,-0.023770332
2019-04-26,2019-06-10,train,0.6069337,0.515401,-0.09153271
2019-04-29,2019-06-11,train,0.63843524,0.5108027,-0.12763256
2019-04-30,2019-06-12,train,0.64173067,0.52238345,-0.119347215
2019-05-01,2019-06-13,train,0.66514134,0.5234842,-0.14165717
2019-05-02,2019-06-14,train,0.65974116,0.5791798,-0.08056134
2019-05-03,2019-06-17,train,0.6679234,0.6157914,-0.05213201
2019-05-06,2019-06-18,train,0.6857171,0.5803145,-0.10540259
2019-05-07,2019-06-19,train,0.6982022,0.5907915,-0.10741067
2019-05-08,2019-06-20,train,0.6742435,0.5925161,-0.081727386
2019-05-09,2019-06-21,train,0.6344347,0.64296854,0.008533835
2019-05-10,2019-06-24,train,0.6193911,0.72618955,0.10679847
2019-05-13,2019-06-25,train,0.55477095,0.508771,-0.045999944
2019-05-14,2019-06-26,train,0.51336646,0.62816536,0.1147989
2019-05-15,2019-06-27,train,0.48523962,0.36289796,-0.12234166
2019-05-16,2019-06-28,train,0.53196096,0.5735542,0.041593254
2019-05-17,2019-07-01,train,0.5854245,0.44107917,-0.14434531
2019-05-20,2019-07-02,train,0.47550997,0.35388058,-0.12162939
2019-05-21,2019-07-03,train,0.5487494,0.50204414,-0.046705246
2019-05-22,2019-07-05,train,0.55142784,0.42947462,-0.12195322
2019-05-23,2019-07-08,train,0.47076783,0.5587664,0.0879986
2019-05-24,2019-07-09,train,0.47950107,0.57421154,0.09471047
2019-05-28,2019-07-10,train,0.45621032,0.3941016,-0.062108725
2019-05-29,2019-07-11,train,0.4440136,0.31170145,-0.13231215
2019-05-30,2019-07-12,train,0.41944718,0.4202807,0.00083351135
2019-05-31,2019-07-15,train,0.39089677,0.27063823,-0.12025854
2019-06-03,2019-07-16,train,0.29493564,0.15454346,-0.14039218
2019-06-04,2019-07-17,train,0.27588728,0.25766617,-0.01822111
2019-06-05,2019-07-18,train,0.3070824,0.36326265,0.05618024
2019-06-06,2019-07-19,train,0.3071601,0.34629261,0.039132506
2019-06-07,2019-07-22,train,0.24402434,0.28582412,0.041799784
2019-06-10,2019-07-23,train,0.2508422,0.23754497,-0.013297245
2019-06-11,2019-07-24,train,0.27043608,0.23767398,-0.032762095
2019-06-12,2019-07-25,train,0.28050032,0.2167954,-0.06370492
2019-06-13,2019-07-26,train,0.2610893,0.19917326,-0.06191604
2019-06-14,2019-07-29,train,0.19529094,0.0949308,-0.10036014
2019-06-17,2019-07-30,train,0.14643498,0.030800475,-0.1156345
2019-06-18,2019-07-31,train,0.2112898,0.11053639,-0.100753404
2019-06-19,2019-08-01,train,0.18653883,0.12143687,-0.06510196
2019-06-20,2019-08-02,train,0.13664885,0.10401994,-0.03262891
2019-06-21,2019-08-05,train,0.101004705,0.16374266,0.06273796
2019-06-24,2019-08-06,train,0.107360534,0.04241777,-0.06494276
2019-06-25,2019-08-07,train,0.0075625097,0.012810858,0.005248348
2019-06-26,2019-08-08,train,-0.020760918,-0.08065501,-0.059894092
2019-06-27,2019-08-09,train,-0.10024329,0.060819246,0.16106254
2019-06-28,2019-08-12,train,-0.11564385,-0.08258954,0.033054315
2019-07-01,2019-08-13,train,0.0014925022,0.029546568,0.028054066
2019-07-02,2019-08-14,train,-0.061331995,-0.069431216,-0.008099221
2019-07-03,2019-08-15,train,-0.109587826,-0.13792212,-0.028334297
2019-07-05,2019-08-16,train,-0.13672753,-0.055027854,0.08169967
2019-07-08,2019-08-19,train,-0.19177276,-0.11150163,0.08027113
2019-07-09,2019-08-20,train,-0.20246436,-0.1439961,0.058468252
2019-07-10,2019-08-21,train,-0.11344542,-0.16603963,-0.052594207
2019-07-11,2019-08-22,train,-0.07840931,-0.10807668,-0.02966737
2019-07-12,2019-08-23,train,-0.0951215,-0.11916242,-0.024040915
2019-07-15,2019-08-26,train,0.048733696,-0.0481198,-0.096853495
2019-07-16,2019-08-27,train,0.09070286,0.07468719,-0.016015671
2019-07-17,2019-08-28,train,0.11003338,0.006253492,-0.10377988
2019-07-18,2019-08-29,train,0.03326706,-0.10840333,-0.14167039
2019-07-19,2019-08-30,train,0.072379276,-0.08855591,-0.1609352
2019-07-22,2019-09-03,train,0.088015966,0.027113091,-0.060902875
2019-07-23,2019-09-04,train,0.1287034,0.07006786,-0.05863554
2019-07-24,2019-09-05,train,0.13229099,0.07782442,-0.054466568
2019-07-25,2019-09-06,train,0.13313761,0.04453874,-0.08859888
2019-07-26,2019-09-09,train,0.17128053,0.04707767,-0.12420286
2019-07-29,2019-09-10,train,0.2018929,0.062697865,-0.13919502
2019-07-30,2019-09-11,train,0.17572196,0.05942782,-0.11629414
2019-07-31,2019-09-12,train,0.1722527,0.0321744,-0.1400783
2019-08-01,2019-09-13,train,0.10496191,-0.0037618573,-0.10872377
2019-08-02,2019-09-16,train,0.06716774,-0.02294893,-0.090116665
2019-08-05,2019-09-17,train,-0.07579422,-0.13251117,-0.05671695
2019-08-06,2019-09-18,train,-0.12857623,-0.11150915,0.017067082
2019-08-07,2019-09-19,train,-0.118621506,-0.140308,-0.021686487
2019-08-08,2019-09-20,train,-0.1463648,-0.14914799,-0.0027831942
2019-08-09,2019-09-23,train,-0.16970839,-0.17985533,-0.010146946
2019-08-12,2019-09-24,train,-0.18395846,-0.2426551,-0.058696643
2019-08-13,2019-09-25,train,-0.15336019,-0.22107878,-0.067718595
2019-08-14,2019-09-26,train,-0.22033323,-0.19227947,0.02805376
2019-08-15,2019-09-27,train,-0.25817946,-0.19974698,0.058432475
2019-08-16,2019-09-30,train,-0.2159331,-0.20054008,0.015393019
2019-08-19,2019-10-01,train,-0.23794009,-0.2356875,0.0022525936
2019-08-20,2019-10-02,train,-0.22454906,-0.22021177,0.004337281
2019-08-21,2019-10-03,train,-0.20314504,-0.1852484,0.017896637
2019-08-22,2019-10-04,train,-0.22049992,-0.19002129,0.030478626
2019-08-23,2019-10-07,train,-0.21575052,-0.20775837,0.007992148
2019-08-26,2019-10-08,train,-0.20839766,-0.20654462,0.0018530339
2019-08-27,2019-10-09,train,-0.1447436,-0.15608068,-0.011337072
2019-08-28,2019-10-10,train,-0.12221546,-0.119735345,0.002480112
2019-08-29,2019-10-11,train,-0.12900256,-0.124965124,0.0040374324
2019-08-30,2019-10-14,train,-0.13906984,-0.12747084,0.011599004
2019-09-03,2019-10-15,train,-0.17945583,-0.22762384,-0.048168004
2019-09-04,2019-10-16,train,-0.14233093,-0.24040474,-0.09807381
2019-09-05,2019-10-17,train,-0.1937412,-0.23371135,-0.039970145
2019-09-06,2019-10-18,train,-0.15104006,-0.22988753,-0.07884747
2019-09-09,2019-10-21,train,-0.17055745,-0.20234726,-0.03178981
2019-09-10,2019-10-22,train,-0.15678002,-0.20144102,-0.044661
2019-09-11,2019-10-23,train,-0.16446875,-0.261702,-0.09723325
2019-09-12,2019-10-24,train,-0.12419515,-0.28017315,-0.155978
2019-09-13,2019-10-25,train,-0.078912884,-0.1640692,-0.08515632
2019-09-16,2019-10-28,train,-0.0827678,-0.099315554,-0.016547754
2019-09-17,2019-10-29,train,-0.06572927,-0.079441786,-0.013712518
2019-09-18,2019-10-30,train,-0.08497495,-0.09732275,-0.012347795
2019-09-19,2019-10-31,train,-0.046207257,-0.10391457,-0.05770731
2019-09-20,2019-11-01,train,-0.09947354,-0.09041146,0.009062082
2019-09-23,2019-11-04,train,-0.035412714,-0.032552302,0.002860412
2019-09-24,2019-11-05,train,0.07874575,0.08374867,0.005002916
2019-09-25,2019-11-06,train,0.15185472,0.10296776,-0.048886962
2019-09-26,2019-11-07,train,0.18958823,0.14147042,-0.048117816
2019-09-27,2019-11-08,train,0.11847707,0.067019574,-0.051457494
2019-09-30,2019-11-11,train,0.14818986,0.05593529,-0.092254564
2019-10-01,2019-11-12,train,0.10119138,0.056618735,-0.044572644
2019-10-02,2019-11-13,train,0.08067401,0.049472015,-0.031201992
2019-10-03,2019-11-14,train,0.026098989,0.054249752,0.028150763
2019-10-04,2019-11-15,train,0.044710428,0.03485923,-0.009851199
2019-10-07,2019-11-18,train,-0.048216052,0.007720834,0.055936888
2019-10-08,2019-11-19,train,-0.07067253,-0.002751038,0.06792149
2019-10-09,2019-11-20,train,-0.12935147,-0.06613417,0.0632173
2019-10-10,2019-11-21,train,-0.13170937,-0.10990817,0.021801196
2019-10-11,2019-11-22,train,-0.13206927,-0.12319264,0.008876637
2019-10-14,2019-11-25,train,-0.13572422,-0.14669836,-0.010974139
2019-10-15,2019-11-26,train,-0.13801916,-0.12028685,0.017732307
2019-10-16,2019-11-27,train,-0.11772568,-0.06410209,0.053623587
2019-10-17,2019-11-29,train,-0.124832265,-0.04228421,0.08254805
2019-10-18,2019-12-02,train,-0.12209355,-0.08167594,0.04041761
2019-10-21,2019-12-03,train,-0.10195819,-0.11203378,-0.010075584
2019-10-22,2019-12-04,train,-0.09558723,-0.10227132,-0.006684087
2019-10-23,2019-12-05,train,-0.091471806,-0.008831291,0.082640514
2019-10-24,2019-12-06,train,-0.06543464,0.007140574,0.07257522
2019-10-25,2019-12-09,train,-0.118851416,-0.14546177,-0.026610352
2019-10-28,2019-12-10,train,-0.1342116,-0.21369891,-0.07948731
2019-10-29,2019-12-11,train,-0.18649803,-0.23444352,-0.047945485
2019-10-30,2019-12-12,train,-0.20417337,-0.21319255,-0.009019181
2019-10-31,2019-12-13,train,-0.22166094,-0.20978124,0.011879697
2019-11-01,2019-12-16,train,-0.18310814,-0.2514413,-0.068333164
2019-11-04,2019-12-17,train,-0.17366432,-0.2945088,-0.1208445
2019-11-05,2019-12-18,train,-0.22331299,-0.22110982,0.0022031665
2019-11-06,2019-12-19,train,-0.21276331,-0.2305377,-0.017774388
2019-11-07,2019-12-20,train,-0.22764604,-0.22106625,0.0065797865
2019-11-08,2019-12-23,train,-0.16198651,-0.16459648,-0.0026099682
2019-11-11,2019-12-24,train,-0.18837051,-0.16388337,0.024487138
2019-11-12,2019-12-26,train,-0.20768453,-0.1788516,0.028832927
2019-11-13,2019-12-27,train,-0.18221463,-0.17235798,0.009856656
2019-11-14,2019-12-30,train,-0.14244837,-0.16250393,-0.020055562
2019-11-15,2019-12-31,train,-0.12281997,-0.15289617,-0.030076198
2019-11-18,2020-01-02,train,-0.13248992,-0.15931764,-0.026827723
2019-11-19,2020-01-03,train,-0.05139433,-0.1049532,-0.05355887
2019-11-20,2020-01-06,train,-0.019178757,-0.032146532,-0.012967775
2019-11-21,2020-01-07,train,0.04570116,0.068161644,0.022460483
2019-11-22,2020-01-08,train,0.12882021,0.107349664,-0.021470547
2019-11-25,2020-01-09,train,0.16796793,0.1025642,-0.06540373
2019-11-26,2020-01-10,train,0.10604321,0.13135694,0.025313728
2019-11-27,2020-01-13,train,0.124829195,0.081327416,-0.04350178
2019-11-29,2020-01-14,train,0.17889999,0.13741624,-0.041483745
2019-12-02,2020-01-15,train,0.30098838,0.20281683,-0.09817155
2019-12-03,2020-01-16,train,0.25944376,0.19175038,-0.06769338
2019-12-04,2020-01-17,train,0.26373956,0.23124592,-0.032493636
2019-12-05,2020-01-21,train,0.2551939,0.17421232,-0.08098157
2019-12-06,2020-01-22,train,0.24663512,0.15024246,-0.09639266
2019-12-09,2020-01-23,train,0.28982255,0.13587756,-0.15394498
2019-12-10,2020-01-24,train,0.33178517,0.16038689,-0.17139828
2019-12-11,2020-01-27,train,0.31197807,0.2344869,-0.07749118
2019-12-12,2020-01-28,train,0.3216058,0.29206356,-0.029542238
2019-12-13,2020-01-29,train,0.31988826,0.2815728,-0.038315475
2019-12-16,2020-01-30,train,0.30622217,0.37165812,0.065435946
2019-12-17,2020-01-31,train,0.31953746,0.408103,0.08856553
2019-12-18,2020-02-03,train,0.29660794,0.27714354,-0.019464403
2019-12-19,2020-02-04,train,0.29634318,0.27463022,-0.021712959
2019-12-20,2020-02-05,train,0.306407,0.33171746,0.025310457
2019-12-23,2020-02-06,train,0.31289098,0.3227696,0.009878635
2019-12-24,2020-02-07,train,0.2984005,0.33778083,0.03938034
2019-12-26,2020-02-10,train,0.31904384,0.36160472,0.042560875
2019-12-27,2020-02-11,train,0.34219712,0.4002898,0.058092684
2019-12-30,2020-02-12,train,0.28978083,0.4158867,0.12610587
2019-12-31,2020-02-13,train,0.34331217,0.4199262,0.07661402
2020-01-02,2020-02-14,train,0.35201377,0.47622362,0.12420985
2020-01-03,2020-02-18,train,0.3059043,0.38082448,0.07492018
2020-01-06,2020-02-19,train,0.26964697,0.2399427,-0.029704273
2020-01-07,2020-02-20,train,0.22000171,0.17697668,-0.04302503
2020-01-08,2020-02-21,train,0.18477756,0.19883737,0.014059812
2020-01-09,2020-02-24,train,0.17808658,0.22478582,0.04669924
2020-01-10,2020-02-25,train,0.13752316,0.14389801,0.006374851
2020-01-13,2020-02-26,train,0.10802088,0.0830442,-0.024976678
2020-01-14,2020-02-27,train,-0.018931402,-0.0049016383,0.014029764
2020-01-15,2020-02-28,train,0.00013928302,-0.015278244,-0.015417527
2020-01-16,2020-03-02,train,-0.023678398,0.016722532,0.04040093
2020-01-17,2020-03-03,train,-0.043520726,-0.015819391,0.027701335
2020-01-21,2020-03-04,train,-0.043438308,0.0010692518,0.04450756
2020-01-22,2020-03-05,train,-0.057804108,0.045834858,0.10363896
2020-01-23,2020-03-06,train,-0.05561968,0.08517563,0.14079532
2020-01-24,2020-03-09,train,-0.05245933,-0.061783683,-0.009324353
2020-01-27,2020-03-10,train,-0.09634989,-0.112245806,-0.015895918
2020-01-28,2020-03-11,train,-0.2634726,-0.15463437,0.108838215
2020-01-29,2020-03-12,train,-0.2974282,-0.4664607,-0.16903251
2020-01-30,2020-03-13,train,-0.34030798,-0.4149005,-0.07459253
2020-01-31,2020-03-16,train,-0.35452598,-0.46372235,-0.109196365
2020-02-03,2020-03-17,train,-0.3451468,-0.43771267,-0.092565864
2020-02-04,2020-03-18,train,-0.3944719,-0.42942384,-0.034951925
2020-02-05,2020-03-19,train,-0.3938955,-0.3559846,0.03791091
2020-02-06,2020-03-20,train,-0.39050785,-0.36290807,0.027599782
2020-02-07,2020-03-23,train,-0.4115652,-0.34500286,0.066562355
2020-02-10,2020-03-24,train,-0.42531082,-0.31672218,0.108588636
2020-02-11,2020-03-25,train,-0.43214107,-0.3455223,0.08661875
2020-02-12,2020-03-26,train,-0.3839328,-0.34956375,0.03436905
2020-02-13,2020-03-27,train,-0.4119457,-0.36659902,0.045346677
2020-02-14,2020-03-30,train,-0.4276506,-0.37647697,0.051173627
2020-02-18,2020-03-31,train,-0.39915863,-0.36515015,0.034008473
2020-02-19,2020-04-01,train,-0.3343498,-0.31417927,0.02017054
2020-02-20,2020-04-02,train,-0.29599923,-0.292955,0.0030442178
2020-02-21,2020-04-03,train,-0.29496112,-0.3048647,-0.00990358
2020-02-24,2020-04-06,train,-0.38054308,-0.24646118,0.1340819
2020-02-25,2020-04-07,train,-0.29247478,-0.2317875,0.060687274
2020-02-26,2020-04-08,train,-0.27424395,-0.1685188,0.105725154
2020-02-27,2020-04-09,train,-0.1702091,-0.16875243,0.001456663
2020-02-28,2020-04-13,train,-0.18021701,-0.21071513,-0.030498117
2020-03-02,2020-04-14,train,-0.2662377,-0.22855893,0.03767878
2020-03-03,2020-04-15,train,-0.2376972,-0.24416573,-0.0064685345
2020-03-04,2020-04-16,train,-0.21208209,-0.1871383,0.024943784
2020-03-05,2020-04-17,train,-0.23575522,-0.21837537,0.01737985
2020-03-06,2020-04-20,train,-0.2716762,-0.24560988,0.026066333
2020-03-09,2020-04-21,train,-0.22522482,-0.13167189,0.09355293
2020-03-10,2020-04-22,train,-0.020201998,-0.10019584,-0.079993844
2020-03-11,2020-04-23,train,0.058704436,-0.060887292,-0.11959173
2020-03-12,2020-04-24,train,0.52522486,0.51905507,-0.006169796
2020-03-13,2020-04-27,train,0.5080412,0.40115234,-0.10688886
2020-03-16,2020-04-28,train,0.56325614,0.55690295,-0.0063531995
2020-03-17,2020-04-29,train,0.7882579,0.6842063,-0.10405159
2020-03-18,2020-04-30,train,0.81546855,0.6528883,-0.16258025
2020-03-19,2020-05-01,train,0.47161627,0.431835,-0.039781272
2020-03-20,2020-05-04,train,0.48402646,0.4378082,-0.046218276
2020-03-23,2020-05-05,train,0.40274438,0.4031528,0.00040841103
2020-03-24,2020-05-06,train,0.4574546,0.37624824,-0.08120635
2020-03-25,2020-05-07,train,0.620693,0.48951125,-0.13118178
2020-03-26,2020-05-08,train,0.5164672,0.4654587,-0.051008523
2020-03-27,2020-05-11,train,0.45810476,0.32953075,-0.12857401
2020-03-30,2020-05-12,train,0.41091132,0.3693148,-0.041596532
2020-03-31,2020-05-13,train,0.49170294,0.43974206,-0.051960886
2020-04-01,2020-05-14,train,0.4532498,0.47329366,0.02004385
2020-04-02,2020-05-15,train,0.47501358,0.3730811,-0.101932496
2020-04-03,2020-05-18,train,0.3982334,0.44452932,0.04629591
2020-04-06,2020-05-19,train,0.32909274,0.33791676,0.008824021
2020-04-07,2020-05-20,train,0.32248932,0.32698318,0.0044938624
2020-04-08,2020-05-21,train,0.29860795,0.23829283,-0.060315117
2020-04-09,2020-05-22,train,0.28009996,0.25752735,-0.022572607
2020-04-13,2020-05-26,train,0.2915103,0.29072377,-0.0007865429
2020-04-14,2020-05-27,train,0.36858878,0.3417778,-0.026810974
2020-04-15,2020-05-28,train,0.44403663,0.43414536,-0.009891272
2020-04-16,2020-05-29,train,0.35161772,0.326315,-0.025302738
2020-04-17,2020-06-01,train,0.37976053,0.4327796,0.053019077
2020-04-20,2020-06-02,train,0.33835977,0.3847517,0.046391934
2020-04-21,2020-06-03,train,0.45501515,0.40352675,-0.0514884
2020-04-22,2020-06-04,train,0.4351587,0.377034,-0.05812469
2020-04-23,2020-06-05,train,0.37392184,0.30092752,-0.07299432
2020-04-24,2020-06-08,train,0.378534,0.29408258,-0.08445141
2020-04-27,2020-06-09,train,0.3134202,0.25656766,-0.05685255
2020-04-28,2020-06-10,train,0.38031885,0.26425266,-0.11606619
2020-04-29,2020-06-11,train,0.06843903,0.05916838,-0.009270649
2020-04-30,2020-06-12,train,0.0572336,0.09496852,0.03773492
2020-05-01,2020-06-15,train,0.06878945,0.06609712,-0.0026923344
2020-05-04,2020-06-16,train,0.027365742,0.07016654,0.0428008
2020-05-05,2020-06-17,train,-0.03676135,0.053002425,0.089763775
2020-05-06,2020-06-18,train,0.011142649,0.015436701,0.004294052
2020-05-07,2020-06-19,train,-0.08469113,-0.06667324,0.018017888
2020-05-08,2020-06-22,train,0.018688755,-0.019704849,-0.0383936
2020-05-11,2020-06-23,train,0.09495556,0.11949392,0.024538353
2020-05-12,2020-06-24,train,0.004484998,0.05782658,0.053341582
2020-05-13,2020-06-25,train,-0.030692512,-0.0005581268,0.030134385
2020-05-14,2020-06-26,train,-0.036030844,-0.058641877,-0.022611033
2020-05-15,2020-06-29,train,-0.043892533,-0.0147234,0.029169133
2020-05-18,2020-06-30,train,-0.019155635,-0.060512774,-0.041357137
2020-05-19,2020-07-01,train,-0.03402842,-0.051465817,-0.017437398
2020-05-20,2020-07-02,train,-0.03752654,-0.041958634,-0.0044320934
2020-05-21,2020-07-06,train,0.009338817,0.03234096,0.023002142
2020-05-22,2020-07-07,train,0.08181465,0.007590483,-0.07422417
2020-05-26,2020-07-08,train,0.034806237,0.067150734,0.032344498
2020-05-27,2020-07-09,train,0.061896324,0.010559853,-0.05133647
2020-05-28,2020-07-10,train,-0.004628977,-0.025923768,-0.021294791
2020-05-29,2020-07-13,train,0.08788102,-0.020712702,-0.108593725
2020-06-01,2020-07-14,train,-0.033314377,-0.090885244,-0.057570867
2020-06-02,2020-07-15,train,-0.018549731,-0.03535926,-0.016809529
2020-06-03,2020-07-16,train,-0.055241205,-0.05431351,0.00092769414
2020-06-04,2020-07-17,train,-0.11419956,-0.0662451,0.047954455
2020-06-05,2020-07-20,train,-0.07636579,-0.051864885,0.024500906
2020-06-08,2020-07-21,train,-0.09908768,-0.040587626,0.05850005
2020-06-09,2020-07-22,train,-0.105994694,-0.027597507,0.078397185
2020-06-10,2020-07-23,train,0.009201029,-0.029282643,-0.03848367
2020-06-11,2020-07-24,train,0.06532255,0.023076205,-0.04224634
2020-06-12,2020-07-27,train,0.15739693,0.15927161,0.0018746853
2020-06-15,2020-07-28,train,0.14556183,0.15471031,0.0091484785
2020-06-16,2020-07-29,train,0.16234651,0.16381206,0.0014655441
2020-06-17,2020-07-30,train,0.1801221,0.17203747,-0.00808464
2020-06-18,2020-07-31,train,0.23226629,0.20310862,-0.029157668
2020-06-19,2020-08-03,train,0.18240356,0.21084477,0.028441206
2020-06-22,2020-08-04,train,0.13994248,0.16138671,0.021444231
2020-06-23,2020-08-05,train,0.20389958,0.21987948,0.015979901
2020-06-24,2020-08-06,train,0.239407,0.2647913,0.025384307
2020-06-25,2020-08-07,train,0.25744796,0.2522079,-0.005240053
2020-06-26,2020-08-10,train,0.19997244,0.2963241,0.09635167
2020-06-29,2020-08-11,train,0.23998474,0.24150865,0.001523912
2020-06-30,2020-08-12,train,0.30969444,0.26777667,-0.04191777
2020-07-01,2020-08-13,train,0.24716766,0.276953,0.02978535
2020-07-02,2020-08-14,train,0.242081,0.28996405,0.04788305
2020-07-06,2020-08-17,train,0.23883069,0.30707008,0.06823939
2020-07-07,2020-08-18,train,0.2708376,0.29603046,0.025192857
2020-07-08,2020-08-19,train,0.23991375,0.24712218,0.0072084367
2020-07-09,2020-08-20,train,0.2847337,0.28027737,-0.0044563413
2020-07-10,2020-08-21,train,0.28388664,0.24935119,-0.034535453
2020-07-13,2020-08-24,train,0.23608536,0.27380863,0.037723273
2020-07-14,2020-08-25,train,0.26326045,0.22967346,-0.033586994
2020-07-15,2020-08-26,train,0.25362802,0.24970816,-0.0039198548
2020-07-16,2020-08-27,train,0.29521114,0.23993817,-0.055272967
2020-07-17,2020-08-28,train,0.2944366,0.26128346,-0.033153147
2020-07-20,2020-08-31,train,0.2909348,0.27460992,-0.016324878
2020-07-21,2020-09-01,train,0.21383806,0.27686635,0.06302829
2020-07-22,2020-09-02,train,0.14567739,0.1982781,0.05260071
2020-07-23,2020-09-03,train,0.16740315,0.06932675,-0.098076396
2020-07-24,2020-09-04,train,0.12913242,0.102226265,-0.026906155
2020-07-27,2020-09-08,train,-0.064610064,-0.07818819,-0.013578124
2020-07-28,2020-09-09,train,-0.03596597,-0.061439242,-0.02547327
2020-07-29,2020-09-10,train,-0.06542569,-0.066423245,-0.0009975582
2020-07-30,2020-09-11,train,-0.05199144,-0.0639263,-0.011934862
2020-07-31,2020-09-14,train,-0.029393544,-0.05675196,-0.027358415
2020-08-03,2020-09-15,train,-0.09443906,-0.039959412,0.054479647
2020-08-04,2020-09-16,train,-0.09800195,-0.020613022,0.07738893
2020-08-05,2020-09-17,train,-0.09939496,-0.06793485,0.031460114
2020-08-06,2020-09-18,train,-0.061949573,-0.070900135,-0.008950561
2020-08-07,2020-09-21,train,-0.034382403,-0.09819554,-0.063813135
2020-08-10,2020-09-22,train,-0.07968109,-0.11278319,-0.033102103
2020-08-11,2020-09-23,train,-0.18103443,-0.102040775,0.078993656
2020-08-12,2020-09-24,train,-0.13191311,-0.071201794,0.060711317
2020-08-13,2020-09-25,train,-0.123890035,-0.0926178,0.031272233
2020-08-14,2020-09-28,train,-0.163415,-0.09000173,0.07341327
2020-08-17,2020-09-29,train,-0.16614987,-0.11504125,0.05110862
2020-08-18,2020-09-30,train,-0.13681589,-0.100635365,0.036180526
2020-08-19,2020-10-01,train,-0.12232334,-0.09685352,0.025469825
2020-08-20,2020-10-02,train,-0.09166621,-0.10964444,-0.017978236
2020-08-21,2020-10-05,train,-0.052033186,-0.068936825,-0.016903639
2020-08-24,2020-10-06,train,-0.10022754,-0.09938256,0.00084498525
2020-08-25,2020-10-07,train,-0.01842927,-0.061337125,-0.042907856
2020-08-26,2020-10-08,train,-0.08305552,-0.049848504,0.033207014
2020-08-27,2020-10-09,train,0.010521086,-0.022867646,-0.033388734
2020-08-28,2020-10-12,train,-0.054193504,0.0011144277,0.055307932
2020-08-31,2020-10-13,train,-0.07643405,-0.021823887,0.054610167
2020-09-01,2020-10-14,train,-0.09003007,-0.045192152,0.044837914
2020-09-02,2020-10-15,train,0.041804187,0.007124162,-0.034680024
2020-09-03,2020-10-16,train,0.1977965,0.10510444,-0.092692055
2020-09-04,2020-10-19,train,0.254461,0.11703248,-0.1374285
2020-09-08,2020-10-20,train,0.24497582,0.17616497,-0.06881085
2020-09-09,2020-10-21,train,0.33423772,0.25202638,-0.082211345
2020-09-10,2020-10-22,train,0.2519115,0.2511549,-0.00075659156
2020-09-11,2020-10-23,train,0.19817841,0.24330783,0.04512942
2020-09-14,2020-10-26,train,0.17115693,0.22417812,0.053021193
2020-09-15,2020-10-27,train,0.24120001,0.26463652,0.023436502
2020-09-16,2020-10-28,train,0.24852386,0.20923916,-0.039284706
2020-09-17,2020-10-29,train,0.33317474,0.2273171,-0.10585764
2020-09-18,2020-10-30,train,0.31519204,0.23773731,-0.07745473
2020-09-21,2020-11-02,train,0.35587394,0.29517806,-0.060695887
2020-09-22,2020-11-03,train,0.40066695,0.32375136,-0.07691559
2020-09-23,2020-11-04,train,0.4092463,0.37941146,-0.029834837
2020-09-24,2020-11-05,train,0.4600738,0.4479324,-0.012141407
2020-09-25,2020-11-06,train,0.49916908,0.4557461,-0.043422967
2020-09-28,2020-11-09,train,0.51407963,0.4316352,-0.08244443
2020-09-29,2020-11-10,train,0.43275622,0.4099962,-0.022760004
2020-09-30,2020-11-11,train,0.5443933,0.45591846,-0.08847484
2020-10-01,2020-11-12,train,0.5466197,0.5326915,-0.013928235
2020-10-02,2020-11-13,train,0.59536874,0.54291296,-0.052455783
2020-10-05,2020-11-16,train,0.6544391,0.5487432,-0.1056959
2020-10-06,2020-11-17,train,0.61531836,0.6639693,0.04865092
2020-10-07,2020-11-18,train,0.61832297,0.66876537,0.050442398
2020-10-08,2020-11-19,train,0.57130146,0.63224655,0.060945094
2020-10-09,2020-11-20,train,0.5406665,0.68298477,0.14231825
2020-10-12,2020-11-23,train,0.5402099,0.5892292,0.049019337
2020-10-13,2020-11-24,train,0.64258367,0.67229414,0.029710472
2020-10-14,2020-11-25,train,0.6648967,0.63892645,-0.02597028
2020-10-15,2020-11-27,train,0.6309846,0.488289,-0.1426956
2020-10-16,2020-11-30,train,0.6873325,0.733406,0.046073496
2020-10-19,2020-12-01,train,0.63119185,0.60134035,-0.029851496
2020-10-20,2020-12-02,train,0.6476822,0.61132526,-0.036356926
2020-10-21,2020-12-03,train,0.58326244,0.51636535,-0.066897094
2020-10-22,2020-12-04,train,0.6435907,0.4422275,-0.20136318
2020-10-23,2020-12-07,train,0.65573573,0.4840949,-0.17164084
2020-10-26,2020-12-08,train,0.6104773,0.4012082,-0.20926914
2020-10-27,2020-12-09,train,0.59968144,0.35884127,-0.24084017
2020-10-28,2020-12-10,train,0.5373116,0.3762791,-0.16103253
2020-10-29,2020-12-11,train,0.54490215,0.34388018,-0.20102197
2020-10-30,2020-12-14,train,0.5250441,0.4207812,-0.10426289
2020-11-02,2020-12-15,train,0.5213151,0.4329428,-0.08837229
2020-11-03,2020-12-16,train,0.5985334,0.52760845,-0.07092494
2020-11-04,2020-12-17,train,0.6159702,0.6135301,-0.002440095
2020-11-05,2020-12-18,train,0.41932127,0.48512104,0.06579977
2020-11-06,2020-12-21,train,0.53591526,0.46494004,-0.070975214
2020-11-09,2020-12-22,train,0.61817026,0.5511701,-0.06700015
2020-11-10,2020-12-23,train,0.643293,0.519946,-0.123347044
2020-11-11,2020-12-24,train,0.62435687,0.5117149,-0.11264199
2020-11-12,2020-12-28,train,0.60073435,0.66405976,0.063325405
2020-11-13,2020-12-29,train,0.7280107,0.67684513,-0.05116558
2020-11-16,2020-12-30,train,0.7746165,0.72533864,-0.049277842
2020-11-17,2020-12-31,train,0.719728,0.6435847,-0.076143265
2020-11-18,2021-01-04,train,0.82636094,0.7957708,-0.030590117
2020-11-19,2021-01-05,train,0.8537806,0.90785533,0.054074705
2020-11-20,2021-01-06,train,0.82988155,0.97753835,0.1476568
2020-11-23,2021-01-07,train,1.011505,1.1439111,0.13240612
2020-11-24,2021-01-08,train,1.0515865,1.135166,0.08357954
2020-11-25,2021-01-11,train,1.0479273,0.8986988,-0.14922845
2020-11-27,2021-01-12,train,1.0300362,0.9828246,-0.047211587
2020-11-30,2021-01-13,train,0.8793123,0.90138954,0.022077262
2020-12-01,2021-01-14,train,1.0789231,1.0841,0.005176902
2020-12-02,2021-01-15,train,0.9389878,0.9178788,-0.021108985
2020-12-03,2021-01-19,train,0.8590927,0.85492754,-0.0041651726
2020-12-04,2021-01-20,train,0.9408268,0.900973,-0.03985375
2020-12-07,2021-01-21,train,0.76971865,0.6062053,-0.16351336
2020-12-08,2021-01-22,train,0.81975245,0.801512,-0.018240452
2020-12-09,2021-01-25,train,0.81201506,0.74445075,-0.06756431
2020-12-10,2021-01-26,train,0.8535507,0.7831844,-0.07036626
2020-12-11,2021-01-27,train,0.7457886,0.68518233,-0.06060624
2020-12-14,2021-01-28,train,0.75943685,0.73880166,-0.020635188
2020-12-15,2021-01-29,train,0.81152976,0.7673303,-0.044199467
2020-12-16,2021-02-01,train,0.6852336,0.5737323,-0.11150128
2020-12-17,2021-02-02,train,0.62550145,0.55711627,-0.068385184
2020-12-18,2021-02-03,train,0.6875441,0.619507,-0.06803709
2020-12-21,2021-02-04,train,0.73005104,0.6193454,-0.110705614
2020-12-22,2021-02-05,train,0.6792414,0.60384566,-0.07539576
2020-12-23,2021-02-08,train,0.8414682,0.9876846,0.14621639
2020-12-24,2021-02-09,train,0.77939796,0.95825773,0.17885977
2020-12-28,2021-02-10,train,0.7323098,0.65842724,-0.07388258
2020-12-29,2021-02-11,train,0.7380208,0.75091606,0.012895286
2020-12-30,2021-02-12,train,0.67414147,0.6471318,-0.027009666
2020-12-31,2021-02-16,train,0.71881557,0.6964466,-0.022368968
2021-01-04,2021-02-17,train,0.6557052,0.6310881,-0.024617136
2021-01-05,2021-02-18,train,0.6466708,0.5203325,-0.1263383
2021-01-06,2021-02-19,train,0.63527006,0.5176945,-0.117575586
2021-01-07,2021-02-22,train,0.5394834,0.37683222,-0.16265121
2021-01-08,2021-02-23,train,0.4191226,0.19674723,-0.22237538
2021-01-11,2021-02-24,train,0.4631731,0.39752614,-0.06564695
2021-01-12,2021-02-25,train,0.54580754,0.38825887,-0.15754867
2021-01-13,2021-02-26,train,0.37985203,0.24180822,-0.1380438
2021-01-14,2021-03-01,train,0.47350654,0.26651254,-0.206994
2021-01-15,2021-03-02,train,0.42463943,0.31374082,-0.110898614
2021-01-19,2021-03-03,train,0.5758009,0.40112326,-0.17467764
2021-01-20,2021-03-04,train,0.5620208,0.36608276,-0.19593802
2021-01-21,2021-03-05,train,0.6929164,0.5872245,-0.10569191
2021-01-22,2021-03-08,train,0.63735175,0.5829516,-0.054400146
2021-01-25,2021-03-09,train,0.67906487,0.69385934,0.014794469
2021-01-26,2021-03-10,train,0.7208859,0.7196441,-0.0012417436
2021-01-27,2021-03-11,train,0.8216435,0.89945066,0.07780719
2021-01-28,2021-03-12,train,0.8026497,0.71313936,-0.08951032
2021-01-29,2021-03-15,train,0.794597,0.62916917,-0.16542786
2021-02-01,2021-03-16,train,0.7886263,0.69378906,-0.09483725
2021-02-02,2021-03-17,train,0.8570477,0.65785456,-0.19919312
2021-02-03,2021-03-18,train,0.7499245,0.5440538,-0.20587069
2021-02-04,2021-03-19,train,0.76353467,0.5800939,-0.18344074
2021-02-05,2021-03-22,train,0.62429583,0.42954865,-0.19474718
2021-02-08,2021-03-23,train,0.35718927,0.18491632,-0.17227295
2021-02-09,2021-03-24,train,0.37599543,0.13539179,-0.24060364
2021-02-10,2021-03-25,train,0.3444465,0.15107416,-0.19337235
2021-02-11,2021-03-26,train,0.39957654,0.15086791,-0.24870864
2021-02-12,2021-03-29,train,0.42971137,0.2156695,-0.21404187
2021-02-16,2021-03-30,train,0.3234177,0.19751719,-0.1259005
2021-02-17,2021-03-31,train,0.22145724,0.12981693,-0.09164031
2021-02-18,2021-04-01,train,0.25670376,0.14349924,-0.113204524
2021-02-19,2021-04-05,train,0.27297315,0.056715906,-0.21625724
2021-02-22,2021-04-06,train,0.23725028,0.073514774,-0.16373551
2021-02-23,2021-04-07,train,0.2545568,0.14796922,-0.10658759
2021-02-24,2021-04-08,train,0.30696866,0.1733943,-0.13357437
2021-02-25,2021-04-09,train,0.41487813,0.23678574,-0.17809239
2021-02-26,2021-04-12,train,0.3811008,0.29248515,-0.088615656
2021-03-01,2021-04-13,train,0.41968212,0.2795057,-0.14017642
2021-03-02,2021-04-14,train,0.42413345,0.30448565,-0.1196478
2021-03-03,2021-04-15,train,0.37821132,0.2527941,-0.12541723
2021-03-04,2021-04-16,train,0.33055747,0.2679429,-0.06261456
2021-03-05,2021-04-19,train,0.29588443,0.13891959,-0.15696484
2021-03-08,2021-04-20,train,0.24094093,0.08089548,-0.16004544
2021-03-09,2021-04-21,train,0.106183395,-0.016744955,-0.12292835
2021-03-10,2021-04-22,train,0.049567007,-0.075814806,-0.12538181
2021-03-11,2021-04-23,train,-0.025606407,-0.11610509,-0.09049868
2021-03-12,2021-04-26,train,0.029322205,-0.05773967,-0.087061875
2021-03-15,2021-04-27,train,-0.06718822,-0.015634516,0.051553704
2021-03-16,2021-04-28,train,-0.093043715,-0.034859654,0.05818406
2021-03-17,2021-04-29,train,-0.054832496,-0.09029564,-0.035463147
2021-03-18,2021-04-30,train,0.06771278,-0.0018795043,-0.06959228
2021-03-19,2021-05-03,train,-0.028462166,-0.01964739,0.008814776
2021-03-22,2021-05-04,train,-0.028282767,-0.02192599,0.0063567776
2021-03-23,2021-05-05,train,0.061758645,0.04905214,-0.012706503
2021-03-24,2021-05-06,train,0.072849974,0.06863667,-0.0042133033
2021-03-25,2021-05-07,train,-0.00221649,0.109318905,0.11153539
2021-03-26,2021-05-10,train,-0.07595032,0.013103366,0.08905368
2021-03-29,2021-05-11,train,-0.067067884,-0.018105999,0.048961885
2021-03-30,2021-05-12,train,-0.1602447,-0.16577628,-0.0055315793
2021-03-31,2021-05-13,train,-0.18564753,-0.15619184,0.029455692
2021-04-01,2021-05-14,train,-0.24217011,-0.15593785,0.08623226
2021-04-05,2021-05-17,train,-0.24444355,-0.26279926,-0.018355712
2021-04-06,2021-05-18,train,-0.3282958,-0.26262823,0.06566757
2021-04-07,2021-05-19,train,-0.3121847,-0.33981904,-0.027634352
2021-04-08,2021-05-20,train,-0.30517802,-0.3007549,0.0044231117
2021-04-09,2021-05-21,train,-0.27610186,-0.35952118,-0.08341932
2021-04-12,2021-05-24,train,-0.3087487,-0.35375273,-0.04500404
2021-04-13,2021-05-25,train,-0.37795863,-0.3952735,-0.017314881
2021-04-14,2021-05-26,train,-0.40487805,-0.3773667,0.027511358
2021-04-15,2021-05-27,train,-0.43329033,-0.39291528,0.040375054
2021-04-16,2021-05-28,train,-0.42478606,-0.4202373,0.0045487583
2021-04-19,2021-06-01,train,-0.32707325,-0.34167054,-0.014597297
2021-04-20,2021-06-02,train,-0.37486795,-0.334635,0.040232956
2021-04-21,2021-06-03,train,-0.36993212,-0.2726468,0.0972853
2021-04-22,2021-06-04,train,-0.37463698,-0.28723365,0.08740333
2021-04-23,2021-06-07,train,-0.4048715,-0.3431531,0.061718404
2021-04-26,2021-06-08,train,-0.40651962,-0.38038605,0.026133567
2021-04-27,2021-06-09,train,-0.3596321,-0.3214064,0.03822571
2021-04-28,2021-06-10,train,-0.37688795,-0.33054635,0.046341598
2021-04-29,2021-06-11,train,-0.34193966,-0.30287886,0.0390608
2021-04-30,2021-06-14,train,-0.34177008,-0.3035783,0.038191795
2021-05-03,2021-06-15,train,-0.34885338,-0.2936003,0.05525309
2021-05-04,2021-06-16,train,-0.34868422,-0.28099534,0.06768888
2021-05-05,2021-06-17,train,-0.36963126,-0.33732414,0.03230712
2021-05-06,2021-06-18,train,-0.39115053,-0.36543515,0.02571538
2021-05-07,2021-06-21,train,-0.38881335,-0.44772175,-0.058908403
2021-05-10,2021-06-22,train,-0.36118773,-0.4180849,-0.056897163
2021-05-11,2021-06-23,train,-0.33872992,-0.4052856,-0.06655568
2021-05-12,2021-06-24,train,-0.25018302,-0.29476988,-0.044586867
2021-05-13,2021-06-25,train,-0.31032696,-0.3636323,-0.053305328
2021-05-14,2021-06-28,train,-0.33889195,-0.30966386,0.029228091
2021-05-17,2021-06-29,train,-0.15859573,-0.17616382,-0.017568097
2021-05-18,2021-06-30,train,-0.1416755,-0.18337628,-0.04170078
2021-05-19,2021-07-01,train,-0.11769303,-0.09270535,0.024987683
2021-05-20,2021-07-02,train,-0.17024016,-0.16883838,0.001401782
2021-05-21,2021-07-06,train,-0.055264078,-0.08228177,-0.02701769
2021-05-24,2021-07-07,train,-0.12555054,-0.1253205,0.00023004413
2021-05-25,2021-07-08,train,-0.157355,-0.14386801,0.013486981
2021-05-26,2021-07-09,train,-0.19301035,-0.13987274,0.0531376
2021-05-27,2021-07-12,train,-0.1495757,-0.13739692,0.012178779
2021-05-28,2021-07-13,train,-0.04186634,-0.083915435,-0.042049095
2021-06-01,2021-07-14,train,-0.119093634,-0.10529061,0.013803028
2021-06-02,2021-07-15,train,-0.10052133,-0.1542095,-0.05368816
2021-06-03,2021-07-16,train,-0.12476347,-0.19860932,-0.073845856
2021-06-04,2021-07-19,train,-0.06847537,-0.16470177,-0.0962264
2021-06-07,2021-07-20,train,-0.057545863,-0.11183791,-0.054292046
2021-06-08,2021-07-21,train,-0.02440943,-0.04068815,-0.01627872
2021-06-09,2021-07-22,train,-0.11687561,-0.13474359,-0.017867975
2021-06-10,2021-07-23,train,-0.027148569,-0.08503613,-0.05788756
2021-06-11,2021-07-26,train,0.03456828,8.4016836e-05,-0.034484264
2021-06-14,2021-07-27,train,0.05367197,-0.020178167,-0.07385014
2021-06-15,2021-07-28,train,0.12138962,-0.010155931,-0.13154554
2021-06-16,2021-07-29,train,0.11599331,0.04332429,-0.07266902
2021-06-17,2021-07-30,train,0.08297449,0.10989902,0.026924528
2021-06-18,2021-08-02,train,0.14764628,0.09541665,-0.052229628
2021-06-21,2021-08-03,train,0.33186105,0.2044496,-0.12741145
2021-06-22,2021-08-04,train,0.25804776,0.22278716,-0.035260603
2021-06-23,2021-08-05,train,0.27354276,0.21191832,-0.061624438
2021-06-24,2021-08-06,train,0.30413863,0.23524204,-0.06889659
2021-06-25,2021-08-09,train,0.40554792,0.46550748,0.05995956
2021-06-28,2021-08-10,train,0.35555616,0.3238249,-0.031731248
2021-06-29,2021-08-11,train,0.39950034,0.2711587,-0.12834165
2021-06-30,2021-08-12,train,0.41906998,0.26790038,-0.1511696
2021-07-01,2021-08-13,train,0.46355477,0.42360163,-0.039953142
2021-07-02,2021-08-16,train,0.44987547,0.35718265,-0.09269282
2021-07-06,2021-08-17,train,0.4406646,0.30553833,-0.13512626
2021-07-07,2021-08-18,train,0.4579603,0.32331276,-0.13464755
2021-07-08,2021-08-19,train,0.49282,0.42096454,-0.071855456
2021-07-09,2021-08-20,train,0.49918506,0.4598248,-0.039360255
2021-07-12,2021-08-23,train,0.53019416,0.49434116,-0.035853
2021-07-13,2021-08-24,train,0.583252,0.4588123,-0.12443972
2021-07-14,2021-08-25,train,0.55130374,0.49169064,-0.05961311
2021-07-15,2021-08-26,train,0.55011237,0.47706544,-0.07304692
2021-07-16,2021-08-27,train,0.599239,0.56130695,-0.03793204
2021-07-19,2021-08-30,train,0.59705293,0.52687526,-0.070177674
2021-07-20,2021-08-31,train,0.620077,0.5823846,-0.037692428
2021-07-21,2021-09-01,train,0.5621828,0.5212075,-0.040975273
2021-07-22,2021-09-02,train,0.5263664,0.5265547,0.00018829107
2021-07-23,2021-09-03,train,0.46960852,0.4896684,0.020059884
2021-07-26,2021-09-07,train,0.33659258,0.25372842,-0.082864165
2021-07-27,2021-09-08,train,0.2859804,0.16962619,-0.11635421
2021-07-28,2021-09-09,train,0.23862892,0.15990426,-0.07872467
2021-07-29,2021-09-10,train,0.18959884,0.12186155,-0.067737296
2021-07-30,2021-09-13,train,0.14339413,0.06457895,-0.07881518
2021-08-02,2021-09-14,train,0.15500845,0.20127948,0.046271026
2021-08-03,2021-09-15,train,0.23363407,0.2627152,0.029081121
2021-08-04,2021-09-16,train,0.16529469,0.20217258,0.036877885
2021-08-05,2021-09-17,train,0.19316973,0.15654598,-0.036623746
2021-08-06,2021-09-20,train,0.16312611,0.0006376229,-0.16248849
2021-08-09,2021-09-21,train,0.019588122,-0.122326694,-0.14191481
2021-08-10,2021-09-22,train,-0.05556722,-0.044104904,0.011462316
2021-08-11,2021-09-23,train,-0.011623172,-0.015320977,-0.003697805
2021-08-12,2021-09-24,train,-0.009168239,-0.035755124,-0.026586885
2021-08-13,2021-09-27,train,-0.047711708,-0.11628382,-0.06857211
2021-08-16,2021-09-28,train,-0.081171386,-0.108031675,-0.02686029
2021-08-17,2021-09-29,train,0.03754761,-0.07005193,-0.10759954
2021-08-18,2021-09-30,train,0.12835757,-0.022550585,-0.15090816
2021-08-19,2021-10-01,train,0.07903074,0.029953677,-0.04907706
2021-08-20,2021-10-04,train,0.009898247,-0.0045860806,-0.014484327
2021-08-23,2021-10-05,train,0.0690924,0.039733946,-0.029358454
2021-08-24,2021-10-06,train,0.10190312,0.16046856,0.058565445
2021-08-25,2021-10-07,train,0.17233844,0.09896073,-0.07337771
2021-08-26,2021-10-08,train,0.21842073,0.14966546,-0.06875527
2021-08-27,2021-10-11,train,0.18224229,0.17175601,-0.010486275
2021-08-30,2021-10-12,train,0.23967873,0.19096966,-0.048709065
2021-08-31,2021-10-13,train,0.27403402,0.21698387,-0.057050154
2021-09-01,2021-10-14,train,0.2866262,0.17349052,-0.113135666
2021-09-02,2021-10-15,train,0.31450593,0.24866802,-0.06583792
2021-09-03,2021-10-18,train,0.28979036,0.23989232,-0.049898043
2021-09-07,2021-10-19,train,0.46252498,0.37279305,-0.08973193
2021-09-08,2021-10-20,train,0.4321433,0.43178228,-0.00036102533
2021-09-09,2021-10-21,train,0.37617746,0.34098437,-0.035193086
2021-09-10,2021-10-22,train,0.45715985,0.3522054,-0.10495445
2021-09-13,2021-10-25,train,0.4654992,0.40203544,-0.06346375
2021-09-14,2021-10-26,train,0.45508912,0.2818135,-0.17327562
2021-09-15,2021-10-27,train,0.50370896,0.21392322,-0.28978574
2021-09-16,2021-10-28,train,0.4851658,0.26868722,-0.21647859
2021-09-17,2021-10-29,train,0.4771273,0.31650582,-0.1606215
2021-09-20,2021-11-01,train,0.6184035,0.4238794,-0.19452408
2021-09-21,2021-11-02,train,0.551617,0.5537157,0.0020986795
2021-09-22,2021-11-03,train,0.57945144,0.44511205,-0.13433939
2021-09-23,2021-11-04,train,0.5669937,0.36879602,-0.1981977
2021-09-24,2021-11-05,train,0.5757521,0.42684484,-0.14890724
2021-09-27,2021-11-08,train,0.5679847,0.59975517,0.031770468
2021-09-28,2021-11-09,train,0.6414379,0.6320842,-0.009353697
2021-09-29,2021-11-10,train,0.59656787,0.56372494,-0.032842934
2021-09-30,2021-11-11,train,0.536254,0.48318416,-0.05306983
2021-10-01,2021-11-12,train,0.42065743,0.33333373,-0.087323695
2021-10-04,2021-11-15,train,0.32112342,0.2941176,-0.027005821
2021-10-05,2021-11-16,train,0.27589923,0.16784364,-0.10805559
2021-10-06,2021-11-17,train,0.21785174,0.0904341,-0.12741765
2021-10-07,2021-11-18,train,0.12491461,0.05828631,-0.0666283
2021-10-08,2021-11-19,train,0.08149934,0.0769297,-0.004569635
2021-10-11,2021-11-22,train,0.05249794,-0.020796806,-0.073294744
2021-10-12,2021-11-23,train,0.0025048498,0.027266001,0.024761152
2021-10-13,2021-11-24,train,-0.12941925,-0.019523527,0.10989572
2021-10-14,2021-11-26,train,-0.120095454,-0.065451115,0.05464434
2021-10-15,2021-11-29,train,-0.109510906,-0.061489526,0.04802138
2021-10-18,2021-11-30,train,-0.09883415,-0.08094422,0.017889932
2021-10-19,2021-12-01,train,-0.16344617,-0.1094296,0.054016575
2021-10-20,2021-12-02,train,-0.18387595,-0.14418261,0.03969334
2021-10-21,2021-12-03,train,-0.17253016,-0.13843276,0.034097403
2021-10-22,2021-12-06,train,-0.17952365,-0.16657214,0.012951508
2021-10-25,2021-12-07,train,-0.2055355,-0.19574513,0.009790376
2021-10-26,2021-12-08,train,-0.21156071,-0.16332632,0.04823439
2021-10-27,2021-12-09,train,-0.21596515,-0.18484652,0.031118631
2021-10-28,2021-12-10,train,-0.26582468,-0.22069219,0.045132488
2021-10-29,2021-12-13,train,-0.2559447,-0.24893124,0.007013455
2021-11-01,2021-12-14,train,-0.28405526,-0.23591366,0.0481416
2021-11-02,2021-12-15,train,-0.3093081,-0.22664076,0.08266735
2021-11-03,2021-12-16,train,-0.32400584,-0.24304605,0.0809598
2021-11-04,2021-12-17,train,-0.30756155,-0.24816163,0.059399918
2021-11-05,2021-12-20,train,-0.33295986,-0.23305097,0.09990889
2021-11-08,2021-12-21,train,-0.31486687,-0.2757302,0.039136678
2021-11-09,2021-12-22,train,-0.35101384,-0.273896,0.07711783
2021-11-10,2021-12-23,train,-0.26062497,-0.21864207,0.041982904
2021-11-11,2021-12-27,train,-0.26718912,-0.22031642,0.04687269
2021-11-12,2021-12-28,train,-0.28990462,-0.25823152,0.031673104
2021-11-15,2021-12-29,train,-0.30461702,-0.2692532,0.035363823
2021-11-16,2021-12-30,train,-0.27336746,-0.21580538,0.057562083
2021-11-17,2021-12-31,train,-0.30058762,-0.23293075,0.067656875
2021-11-18,2022-01-03,train,-0.26379535,-0.18411708,0.07967827
2021-11-19,2022-01-04,train,-0.32977787,-0.21029066,0.11948721
2021-11-22,2022-01-05,train,-0.36713707,-0.22598056,0.14115651
2021-11-23,2022-01-06,train,-0.36544964,-0.25027576,0.11517388
2021-11-24,2022-01-07,train,-0.35962233,-0.26159224,0.09803009
2021-11-26,2022-01-10,train,-0.19312574,-0.21931222,-0.026186481
2021-11-29,2022-01-11,train,-0.25803754,-0.26070932,-0.0026717782
2021-11-30,2022-01-12,train,-0.28325748,-0.22903652,0.05422096
2021-12-01,2022-01-13,train,-0.26399532,-0.25578022,0.0082151
2021-12-02,2022-01-14,train,-0.31805924,-0.23687384,0.0811854
2021-12-03,2022-01-18,train,-0.31982136,-0.20938396,0.11043739
2021-12-06,2022-01-19,train,-0.26445848,-0.1747299,0.08972858
2021-12-07,2022-01-20,train,-0.33202606,-0.19762625,0.13439982
2021-12-08,2022-01-21,train,-0.3130958,-0.2781415,0.03495431
2021-12-09,2022-01-24,train,-0.23328353,-0.23111606,0.0021674782
2021-12-10,2022-01-25,train,-0.24599631,-0.21779384,0.028202474
2021-12-13,2022-01-26,train,-0.17142712,-0.21150818,-0.04008107
2021-12-14,2022-01-27,train,-0.1936297,-0.20325817,-0.009628475
2021-12-15,2022-01-28,train,-0.25809643,-0.22726248,0.030833945
2021-12-16,2022-01-31,train,-0.19493066,-0.19264069,0.0022899657
2021-12-17,2022-02-01,train,-0.1455333,-0.16143993,-0.015906632
2021-12-20,2022-02-02,train,-0.16689299,-0.2117584,-0.044865415
2021-12-21,2022-02-03,train,-0.20778769,-0.24076067,-0.032972977
2021-12-22,2022-02-04,train,-0.16036524,-0.1465732,0.013792038
2021-12-23,2022-02-07,train,-0.14427185,-0.13673952,0.0075323284
2021-12-27,2022-02-08,train,-0.13074268,-0.12878987,0.0019528121
2021-12-28,2022-02-09,train,-0.13260876,-0.06829453,0.064314224
2021-12-29,2022-02-10,train,-0.10020692,-0.06200055,0.03820637
2021-12-30,2022-02-11,train,-0.08770281,-0.10111015,-0.013407342
2021-12-31,2022-02-14,train,-0.06339257,-0.08032418,-0.016931608
2022-01-03,2022-02-15,train,-0.10466932,-0.04052928,0.06414004
2022-01-04,2022-02-16,train,-0.061472513,-0.042174667,0.019297846
2022-01-05,2022-02-17,train,-0.088213034,-0.06956763,0.018645406
2022-01-06,2022-02-18,train,-0.15427491,-0.07251821,0.0817567
2022-01-07,2022-02-22,train,-0.012241272,-0.078730516,-0.06648924
2022-01-10,2022-02-23,train,-0.02309004,-0.10819118,-0.085101135
2022-01-11,2022-02-24,train,-0.058658637,-0.103034,-0.04437536
2022-01-12,2022-02-25,train,-0.11320291,-0.1077356,0.0054673105
2022-01-13,2022-02-28,train,-0.13449201,0.014126365,0.14861837
2022-01-14,2022-03-01,train,-0.05189436,0.029117083,0.081011444
2022-01-18,2022-03-02,train,0.058881536,0.036541857,-0.02233968
2022-01-19,2022-03-03,train,0.04398462,0.016947474,-0.027037147
2022-01-20,2022-03-04,train,0.028684089,-0.037925187,-0.06660928
2022-01-21,2022-03-07,train,0.09476625,0.044016477,-0.050749775
2022-01-24,2022-03-08,train,0.061163977,0.056826614,-0.004337363
2022-01-25,2022-03-09,train,0.16377386,0.13608599,-0.027687877
2022-01-26,2022-03-10,train,0.15249604,0.070154436,-0.082341604
2022-01-27,2022-03-11,validation,0.13286118,0.044610046,-0.088251136
2022-01-28,2022-03-14,validation,0.11854631,0.04982017,-0.06872614
2022-01-31,2022-03-15,validation,0.067262426,0.022234686,-0.04502774
2022-02-01,2022-03-16,validation,0.023808267,0.061963174,0.038154908
2022-02-02,2022-03-17,validation,0.04487206,0.10820221,0.06333015
2022-02-03,2022-03-18,validation,0.042948842,0.12506,0.082111165
2022-02-04,2022-03-21,validation,0.058959514,-0.0101896385,-0.06914915
2022-02-07,2022-03-22,validation,0.035954043,-0.033792585,-0.06974663
2022-02-08,2022-03-23,validation,0.026713261,-0.027777232,-0.05449049
2022-02-09,2022-03-24,validation,0.061303474,-0.008522182,-0.06982566
2022-02-10,2022-03-25,validation,-0.02048125,0.017987264,0.038468514
2022-02-11,2022-03-28,validation,-0.025906706,0.11130148,0.1372082
2022-02-14,2022-03-29,validation,0.00895442,0.1145613,0.10560688
2022-02-15,2022-03-30,validation,-0.05860707,0.055803694,0.114410765
2022-02-16,2022-03-31,validation,-0.040051416,0.03586783,0.07591924
2022-02-17,2022-04-01,validation,-0.07720388,0.14168511,0.218889
2022-02-18,2022-04-04,validation,-0.07590918,0.16466497,0.24057415
2022-02-22,2022-04-05,validation,-0.08573574,0.18988559,0.27562132
2022-02-23,2022-04-06,validation,-0.13259174,0.15846412,0.29105586
2022-02-24,2022-04-07,validation,-0.08016597,0.13490441,0.21507038
2022-02-25,2022-04-08,validation,-0.13179024,0.07837579,0.21016602
2022-02-28,2022-04-11,validation,-0.11532397,-0.08499785,0.03032612
2022-03-01,2022-04-12,validation,-0.13173217,-0.095310286,0.03642188
2022-03-02,2022-04-13,validation,-0.13795944,-0.06277614,0.075183295
2022-03-03,2022-04-14,validation,-0.14831696,-0.05927367,0.08904329
2022-03-04,2022-04-18,validation,-0.061180137,0.043145444,0.10432558
2022-03-07,2022-04-19,validation,-0.033025973,0.09039744,0.12342341
2022-03-08,2022-04-20,validation,0.02694892,0.068076804,0.041127883
2022-03-09,2022-04-21,validation,-0.102192394,-0.034670345,0.06752205
2022-03-10,2022-04-22,validation,0.010878654,0.007679485,-0.0031991694
2022-03-11,2022-04-25,validation,0.000358304,0.042875037,0.04251673
2022-03-14,2022-04-26,validation,-0.10033889,-0.03905772,0.06128117
2022-03-15,2022-04-27,validation,-0.08014954,-0.0024826406,0.0776669
2022-03-16,2022-04-28,validation,-0.13153814,-0.03330021,0.09823793
2022-03-17,2022-04-29,validation,-0.06779086,-0.057178896,0.0106119625
2022-03-18,2022-05-02,validation,-0.08073331,-0.07827123,0.0024620742
2022-03-21,2022-05-03,validation,-0.103036985,-0.081005484,0.022031501
2022-03-22,2022-05-04,validation,-0.11444991,-0.06280719,0.051642723
2022-03-23,2022-05-05,validation,-0.19579998,-0.14729263,0.048507348
2022-03-24,2022-05-06,validation,-0.19822417,-0.18016022,0.018063948
2022-03-25,2022-05-09,validation,-0.16972736,-0.31684735,-0.14712
2022-03-28,2022-05-10,validation,-0.18355314,-0.34173095,-0.15817781
2022-03-29,2022-05-11,validation,-0.11452957,-0.39037374,-0.27584416
2022-03-30,2022-05-12,validation,-0.13535357,-0.38278565,-0.24743208
2022-03-31,2022-05-13,validation,-0.11410751,-0.3569619,-0.24285439
2022-04-01,2022-05-16,validation,-0.07888501,-0.35475677,-0.27587175
2022-04-04,2022-05-17,validation,-0.16394725,-0.34740216,-0.1834549
2022-04-05,2022-05-18,validation,-0.1613648,-0.36956105,-0.20819625
2022-04-06,2022-05-19,validation,-0.052505307,-0.29838875,-0.24588344
2022-04-07,2022-05-20,validation,-0.08884324,-0.328778,-0.23993476
2022-04-08,2022-05-23,validation,-0.116297595,-0.31188184,-0.19558424
2022-04-11,2022-05-24,validation,-0.010352178,-0.24964173,-0.23928955
2022-04-12,2022-05-25,validation,-0.08225276,-0.26328343,-0.18103066
2022-04-13,2022-05-26,validation,-0.10667113,-0.28905636,-0.18238524
2022-04-14,2022-05-27,validation,-0.029520938,-0.28315502,-0.2536341
2022-04-18,2022-05-31,validation,-0.0051200353,-0.22127704,-0.216157
2022-04-19,2022-06-01,validation,-0.10275738,-0.28199744,-0.17924006
2022-04-20,2022-06-02,validation,-0.10467995,-0.2636146,-0.15893465
2022-04-21,2022-06-03,validation,-0.009037444,-0.26705346,-0.25801602
2022-04-22,2022-06-06,validation,-0.0176547,-0.21060848,-0.19295378
2022-04-25,2022-06-07,validation,-0.057660185,-0.22993621,-0.17227602
2022-04-26,2022-06-08,validation,0.022757763,-0.20733558,-0.23009335
2022-04-27,2022-06-09,validation,-0.014773516,-0.23264174,-0.21786822
2022-04-28,2022-06-10,validation,-0.1327601,-0.2687703,-0.13601021
2022-04-29,2022-06-13,validation,0.0813455,-0.4175734,-0.4989189
2022-05-02,2022-06-14,validation,-0.05265268,-0.42363924,-0.37098655
2022-05-03,2022-06-15,validation,-0.11588093,-0.40205115,-0.2861702
2022-05-04,2022-06-16,validation,-0.18540867,-0.48658723,-0.30117857
2022-05-05,2022-06-17,validation,0.078117855,-0.4402897,-0.5184076
2022-05-06,2022-06-21,validation,0.016292641,-0.42535883,-0.44165146
2022-05-09,2022-06-22,validation,0.046389095,-0.34029573,-0.38668483
2022-05-10,2022-06-23,validation,-0.05005029,-0.32031265,-0.27026236
2022-05-11,2022-06-24,validation,0.041444905,-0.26626363,-0.30770853
2022-05-12,2022-06-27,validation,-0.0028676149,-0.28615892,-0.2832913
2022-05-13,2022-06-28,validation,-0.011208868,-0.30742878,-0.29621992
2022-05-16,2022-06-29,validation,-0.020953855,-0.3267897,-0.30583584
2022-05-17,2022-06-30,validation,-0.07443537,-0.34973973,-0.27530438
2022-05-18,2022-07-01,validation,-0.04524769,-0.32906738,-0.28381968
2022-05-19,2022-07-05,validation,-0.13716407,-0.33397463,-0.19681056
2022-05-20,2022-07-06,validation,-0.13490616,-0.29631078,-0.16140462
2022-05-23,2022-07-07,validation,-0.1158266,-0.25641242,-0.14058581
2022-05-24,2022-07-08,validation,-0.13475038,-0.26721674,-0.13246636
2022-05-25,2022-07-11,validation,-0.11012804,-0.32446003,-0.21433198
2022-05-26,2022-07-12,validation,-0.07254739,-0.33974218,-0.2671948
2022-05-27,2022-07-13,validation,-0.04509093,-0.29396483,-0.2488739
2022-05-31,2022-07-14,validation,-0.03915833,-0.35299072,-0.3138324
2022-06-01,2022-07-15,validation,-0.03322091,-0.3007728,-0.26755187
2022-06-02,2022-07-18,validation,0.054923914,-0.26197758,-0.3169015
2022-06-03,2022-07-19,validation,-0.033551887,-0.21259339,-0.1790415
2022-06-06,2022-07-20,validation,-0.10686874,-0.2594442,-0.15257546
2022-06-07,2022-07-21,validation,-0.0626431,-0.25648296,-0.19383985
2022-06-08,2022-07-22,validation,-0.068676434,-0.24820575,-0.17952931
2022-06-09,2022-07-25,validation,-0.13111378,-0.29059172,-0.15947793
2022-06-10,2022-07-26,validation,-0.0037874859,-0.26970512,-0.26591763
2022-06-13,2022-07-27,validation,0.22106662,0.019707052,-0.20135957
2022-06-14,2022-07-28,validation,0.152483,0.0737204,-0.0787626
2022-06-15,2022-07-29,validation,0.055445053,0.054569695,-0.00087535754
2022-06-16,2022-08-01,validation,0.08731858,0.14388181,0.056563236
2022-06-17,2022-08-02,validation,0.13682647,0.1224452,-0.014381267
2022-06-21,2022-08-03,validation,0.13511717,0.103131264,-0.03198591
2022-06-22,2022-08-04,validation,0.08610597,0.13228218,0.04617621
2022-06-23,2022-08-05,validation,0.058922015,0.10449826,0.045576245
2022-06-24,2022-08-08,validation,0.090556785,0.12141446,0.030857675
2022-06-27,2022-08-09,validation,0.06919472,0.1171345,0.047939777
2022-06-28,2022-08-10,validation,0.12981527,0.18081327,0.050998002
2022-06-29,2022-08-11,validation,0.14439882,0.19167835,0.04727952
2022-06-30,2022-08-12,validation,0.061542533,0.23341702,0.1718745
2022-07-01,2022-08-15,validation,0.04869782,0.25260848,0.20391065
2022-07-05,2022-08-16,validation,0.09927747,0.18292,0.08364253
2022-07-06,2022-08-17,validation,0.05464437,0.1356686,0.08102424
2022-07-07,2022-08-18,validation,-0.0020080693,0.07279695,0.07480502
2022-07-08,2022-08-19,validation,-0.05172246,-0.039278444,0.012444016
2022-07-11,2022-08-22,validation,0.058130004,0.07152287,0.013392866
2022-07-12,2022-08-23,validation,0.0640431,0.11406457,0.05002147
2022-07-13,2022-08-24,validation,-0.12646408,0.058526665,0.18499075
2022-07-14,2022-08-25,validation,-0.10568669,0.050120972,0.15580766
2022-07-15,2022-08-26,validation,-0.19671068,-0.027658837,0.16905184
2022-07-18,2022-08-29,validation,-0.13991024,-0.09729278,0.042617455
2022-07-19,2022-08-30,validation,-0.18798734,-0.15360034,0.034387007
2022-07-20,2022-08-31,validation,-0.16111521,-0.13696648,0.024148732
2022-07-21,2022-09-01,validation,-0.18590754,-0.13112614,0.054781407
2022-07-22,2022-09-02,validation,-0.22378689,-0.12085448,0.10293241
2022-07-25,2022-09-06,validation,-0.2404068,-0.11815694,0.12224986
2022-07-26,2022-09-07,validation,-0.16605078,-0.09178212,0.074268654
2022-07-27,2022-09-08,validation,-0.21984427,-0.15702698,0.06281729
2022-07-28,2022-09-09,validation,-0.21149556,-0.103285775,0.10820979
2022-07-29,2022-09-12,validation,-0.20756344,-0.060248088,0.14731535
2022-08-01,2022-09-13,validation,-0.051220395,-0.12942722,-0.07820683
2022-08-02,2022-09-14,validation,-0.002860425,-0.11911452,-0.11625409
2022-08-03,2022-09-15,validation,0.022188524,-0.1376708,-0.15985933
2022-08-04,2022-09-16,validation,-0.00011294894,-0.12630367,-0.12619072
2022-08-05,2022-09-19,validation,-0.029581545,-0.16081132,-0.13122977
2022-08-08,2022-09-20,validation,-0.0648315,-0.20658562,-0.14175412
2022-08-09,2022-09-21,validation,0.0018578079,-0.19931163,-0.20116943
2022-08-10,2022-09-22,validation,-0.12240123,-0.18933353,-0.0669323
2022-08-11,2022-09-23,validation,-0.093844935,-0.19450632,-0.10066138
2022-08-12,2022-09-26,validation,-0.0753767,-0.21227656,-0.13689986
2022-08-15,2022-09-27,validation,-0.029404772,-0.2082459,-0.17884113
2022-08-16,2022-09-28,validation,-0.08057911,-0.18659782,-0.106018715
2022-08-17,2022-09-29,validation,-0.055036865,-0.16125076,-0.10621389
2022-08-18,2022-09-30,validation,-0.0970267,-0.16288252,-0.06585582
2022-08-19,2022-10-03,validation,0.0787298,-0.060063202,-0.138793
2022-08-22,2022-10-04,validation,0.018302945,-0.04963171,-0.067934655
2022-08-23,2022-10-05,validation,0.04024625,-0.06351568,-0.10376193
2022-08-24,2022-10-06,validation,0.06515708,-0.067285575,-0.13244265
2022-08-25,2022-10-07,validation,0.02555437,-0.09509114,-0.12064551
2022-08-26,2022-10-10,validation,0.19313337,-0.05520899,-0.24834237
2022-08-29,2022-10-11,validation,0.2059746,-0.06141376,-0.26738834
2022-08-30,2022-10-12,validation,0.22256558,-0.03229628,-0.25486186
2022-08-31,2022-10-13,validation,0.22799794,-0.03326021,-0.26125816
2022-09-01,2022-10-14,validation,0.25804287,-0.046776857,-0.30481973
2022-09-02,2022-10-17,validation,0.31958583,-0.020982398,-0.3405682
2022-09-06,2022-10-18,validation,0.43177658,0.026369933,-0.40540665
2022-09-07,2022-10-19,validation,0.29437658,-0.007816824,-0.3021934
2022-09-08,2022-10-20,validation,0.2517251,-0.014283297,-0.2660084
2022-09-09,2022-10-21,validation,0.17532213,-0.1033005,-0.27862263
2022-09-12,2022-10-24,validation,0.073672965,-0.13521753,-0.2088905
2022-09-13,2022-10-25,validation,0.13825138,-0.009895675,-0.14814705
2022-09-14,2022-10-26,validation,0.11245313,0.026152326,-0.086300805
2022-09-15,2022-10-27,validation,0.10146456,0.029674571,-0.071789995
2022-09-16,2022-10-28,validation,0.1041622,0.041611534,-0.062550664
2022-09-19,2022-10-31,validation,0.11713323,0.048692092,-0.06844114
2022-09-20,2022-11-01,validation,0.16952215,0.084405385,-0.08511677
2022-09-21,2022-11-02,validation,0.20121503,0.08691803,-0.114296995
2022-09-22,2022-11-03,validation,0.20560227,0.041024823,-0.16457745
2022-09-23,2022-11-04,validation,0.21005808,0.0958455,-0.11421258
2022-09-26,2022-11-07,validation,0.1262853,0.07179774,-0.054487556
2022-09-27,2022-11-08,validation,0.10042676,-0.029788544,-0.1302153
2022-09-28,2022-11-09,validation,-0.00730337,-0.18252903,-0.17522566
2022-09-29,2022-11-10,validation,0.061295338,-0.10148031,-0.16277565
2022-09-30,2022-11-11,validation,0.024062218,-0.1233801,-0.14744233
2022-10-03,2022-11-14,validation,-0.045432225,-0.15315151,-0.10771929
2022-10-04,2022-11-15,validation,-0.025956443,-0.16975252,-0.14379609
2022-10-05,2022-11-16,validation,-0.025957955,-0.17317228,-0.14721432
2022-10-06,2022-11-17,validation,0.0065301917,-0.16376112,-0.17029132
2022-10-07,2022-11-18,validation,0.030675704,-0.14575608,-0.17643179
2022-10-10,2022-11-21,validation,-0.08510807,-0.17523198,-0.09012391
2022-10-11,2022-11-22,validation,-0.07514044,-0.15020658,-0.07506614
2022-10-12,2022-11-23,validation,-0.039318174,-0.13293725,-0.09361908
2022-10-13,2022-11-25,validation,0.043702066,-0.14760752,-0.19130959
2022-10-14,2022-11-28,validation,-0.015333882,-0.15471631,-0.13938244
2022-10-17,2022-11-29,validation,-0.07075196,-0.15885703,-0.088105075
2022-10-18,2022-11-30,validation,-0.057442605,-0.11202043,-0.054577827
2022-10-19,2022-12-01,validation,0.035607047,-0.113503404,-0.14911045
2022-10-20,2022-12-02,validation,0.031647228,-0.10313356,-0.1347808
2022-10-21,2022-12-05,validation,-0.032438755,-0.11462492,-0.08218616
2022-10-24,2022-12-06,validation,-0.025549462,-0.11661936,-0.0910699
2022-10-25,2022-12-07,validation,-0.10592184,-0.16161194,-0.055690102
2022-10-26,2022-12-08,validation,-0.08699352,-0.17028847,-0.08329495
2022-10-27,2022-12-09,validation,-0.03754331,-0.15541305,-0.117869735
2022-10-28,2022-12-12,validation,0.060986042,-0.16454752,-0.22553356
2022-10-31,2022-12-13,validation,0.014549542,-0.13243975,-0.14698929
2022-11-01,2022-12-14,validation,-0.008619685,-0.13031913,-0.12169945
2022-11-02,2022-12-15,validation,0.12235465,-0.13862637,-0.26098102
2022-11-03,2022-12-16,validation,0.07624502,-0.17627442,-0.25251943
2022-11-04,2022-12-19,validation,0.029852988,-0.22260839,-0.25246137
2022-11-07,2022-12-20,validation,0.0085199755,-0.17941779,-0.18793777
2022-11-08,2022-12-21,validation,-0.0485842,-0.09296753,-0.044383332
2022-11-09,2022-12-22,validation,0.10864312,0.05979313,-0.048849992
2022-11-10,2022-12-23,validation,0.009298549,-0.044909798,-0.054208346
2022-11-11,2022-12-27,validation,0.022104029,-0.018616512,-0.04072054
2022-11-14,2022-12-28,validation,0.091680095,-0.0039491015,-0.09562919
2022-11-15,2022-12-29,validation,0.10626511,-0.014348655,-0.12061377
2022-11-16,2022-12-30,validation,0.14779264,-0.0040105437,-0.15180318
2022-11-17,2023-01-03,validation,0.21311352,-0.00045903507,-0.21357255
2022-11-18,2023-01-04,validation,0.26942205,0.0099091595,-0.2595129
2022-11-21,2023-01-05,validation,0.33068666,0.06647452,-0.26421213
2022-11-22,2023-01-06,validation,0.21232097,0.047079064,-0.1652419
2022-11-23,2023-01-09,validation,0.09827212,0.03526928,-0.06300284
2022-11-25,2023-01-10,validation,0.18173675,0.055953275,-0.12578347
2022-11-28,2023-01-11,validation,0.16083224,0.105909854,-0.054922387
2022-11-29,2023-01-12,validation,0.13006532,0.1474374,0.017372072
2022-11-30,2023-01-13,validation,0.04483919,0.1596527,0.11481351
2022-12-01,2023-01-17,validation,0.04702261,0.24720657,0.20018396
2022-12-02,2023-01-18,validation,0.061616793,0.21067311,0.14905632
2022-12-05,2023-01-19,validation,0.08915902,0.24223912,0.1530801
2022-12-06,2023-01-20,validation,0.075096,0.32692868,0.25183266
2022-12-07,2023-01-23,validation,0.10279975,0.3612452,0.25844544
2022-12-08,2023-01-24,validation,0.09671348,0.3135174,0.21680391
2022-12-09,2023-01-25,validation,0.097722664,0.34930566,0.25158298
2022-12-12,2023-01-26,validation,0.12377296,0.33861396,0.21484101
2022-12-13,2023-01-27,validation,-0.008419529,0.29792,0.3063395
2022-12-14,2023-01-30,validation,0.012715887,0.28202665,0.26931077
2022-12-15,2023-01-31,validation,0.018757695,0.33253458,0.31377688
2022-12-16,2023-02-01,validation,0.08538682,0.42506632,0.3396795
2022-12-19,2023-02-02,validation,0.13751346,0.4277572,0.29024374
2022-12-20,2023-02-03,validation,0.037664346,0.38701642,0.34935206
2022-12-21,2023-02-06,validation,0.08976422,0.35335582,0.2635916
2022-12-22,2023-02-07,validation,0.13320269,0.38228273,0.24908005
2022-12-23,2023-02-08,validation,0.17994936,0.36568806,0.1857387
2022-12-27,2023-02-09,validation,0.21633522,0.30518708,0.088851854
2022-12-28,2023-02-10,validation,0.27178782,0.30802533,0.036237508
2022-12-29,2023-02-13,validation,0.1837798,0.3103986,0.1266188
2022-12-30,2023-02-14,test,0.17456989,0.3383942,0.1638243
2023-01-03,2023-02-15,test,0.28922868,0.4573171,0.16808844
2023-01-04,2023-02-16,test,0.26673803,0.400886,0.13414797
2023-01-05,2023-02-17,test,0.2834204,0.4590477,0.17562729
2023-01-06,2023-02-21,test,0.27337328,0.44150534,0.16813207
2023-01-09,2023-02-22,test,0.15319058,0.4066099,0.2534193
2023-01-10,2023-02-23,test,0.17307834,0.37264073,0.19956239
2023-01-11,2023-02-24,test,0.11650005,0.2934631,0.17696306
2023-01-12,2023-02-27,test,-0.0011949223,0.24660227,0.24779719
2023-01-13,2023-02-28,test,0.031246077,0.16262424,0.13137816
2023-01-17,2023-03-01,test,0.020751296,0.11743161,0.09668031
2023-01-18,2023-03-02,test,-0.04394076,0.13469549,0.17863625
2023-01-19,2023-03-03,test,-0.04208514,0.060506437,0.102591574
2023-01-20,2023-03-06,test,-0.004936861,-0.010883264,-0.0059464034
2023-01-23,2023-03-07,test,0.032655388,-0.0311611,-0.06381649
2023-01-24,2023-03-08,test,0.049467675,-0.040571198,-0.09003887
2023-01-25,2023-03-09,test,0.029728564,-0.11916492,-0.14889349
2023-01-26,2023-03-10,test,0.08789048,-0.12354277,-0.21143326
2023-01-27,2023-03-13,test,0.085820526,0.048477743,-0.037342783
2023-01-30,2023-03-14,test,0.026972158,0.083446756,0.056474596
2023-01-31,2023-03-15,test,0.07584012,0.053444944,-0.022395179
2023-02-01,2023-03-16,test,-0.0031911526,0.056020588,0.05921174
2023-02-02,2023-03-17,test,0.08784521,0.16837424,0.08052903
2023-02-03,2023-03-20,test,-0.01879224,0.18413812,0.20293036
2023-02-06,2023-03-21,test,-0.029113105,0.23794731,0.26706043
2023-02-07,2023-03-22,test,-0.0083089005,0.17379194,0.18210085
2023-02-08,2023-03-23,test,-0.015077515,0.23516633,0.25024384
2023-02-09,2023-03-24,test,0.085324004,0.2600594,0.17473538
2023-02-10,2023-03-27,test,0.16158473,0.253506,0.09192127
2023-02-13,2023-03-28,test,0.18777645,0.25036702,0.06259057
2023-02-14,2023-03-29,test,0.21984111,0.27576125,0.05592014
2023-02-15,2023-03-30,test,0.18954669,0.15327238,-0.036274314
2023-02-16,2023-03-31,test,0.28323016,0.20551632,-0.07771383
2023-02-17,2023-04-03,test,0.24509719,0.13126563,-0.113831565
2023-02-21,2023-04-04,test,0.2752944,0.1527125,-0.1225819
2023-02-22,2023-04-05,test,0.24600644,0.16491655,-0.0810899
2023-02-23,2023-04-06,test,0.28096625,0.17106795,-0.1098983
2023-02-24,2023-04-10,test,0.3031828,0.2782489,-0.024933904
2023-02-27,2023-04-11,test,0.3155016,0.28534728,-0.030154318
2023-02-28,2023-04-12,test,0.280065,0.30205178,0.021986783
2023-03-01,2023-04-13,test,0.3088343,0.28556028,-0.023274034
2023-03-02,2023-04-14,test,0.33404842,0.2986195,-0.03542891
2023-03-03,2023-04-17,test,0.24019216,0.3167047,0.07651253
2023-03-06,2023-04-18,test,0.26496482,0.35523322,0.0902684
2023-03-07,2023-04-19,test,0.41475153,0.29716375,-0.117587775
2023-03-08,2023-04-20,test,0.39589122,0.30057484,-0.09531638
2023-03-09,2023-04-21,test,0.4564638,0.33953157,-0.11693224
2023-03-10,2023-04-24,test,0.2520322,0.3635016,0.11146942
2023-03-13,2023-04-25,test,0.09566942,0.16985469,0.07418527
2023-03-14,2023-04-26,test,0.053892665,0.14857414,0.09468148
2023-03-15,2023-04-27,test,0.12300764,0.20913334,0.0861257
2023-03-16,2023-04-28,test,0.10480944,0.17113754,0.0663281
2023-03-17,2023-05-01,test,0.019194122,0.024345113,0.0051509906
2023-03-20,2023-05-02,test,0.0013127383,0.03289131,0.03157857
2023-03-21,2023-05-03,test,-0.037495308,0.029475356,0.06697066
2023-03-22,2023-05-04,test,-0.13066222,0.056404907,0.18706712
2023-03-23,2023-05-05,test,-0.04360848,0.04236653,0.085975006
2023-03-24,2023-05-08,test,-0.04645787,0.0073104496,0.053768322
2023-03-27,2023-05-09,test,-0.10050188,0.01911897,0.11962085
2023-03-28,2023-05-10,test,-0.10665607,0.012968436,0.1196245
2023-03-29,2023-05-11,test,-0.06042274,-0.04753885,0.01288389
2023-03-30,2023-05-12,test,-0.101023965,-0.04382505,0.057198916
2023-03-31,2023-05-15,test,-0.1104346,-0.04514956,0.06528504
2023-04-03,2023-05-16,test,-0.081128284,-0.027116384,0.0540119
2023-04-04,2023-05-17,test,-0.09821112,-0.02731059,0.07090053
2023-04-05,2023-05-18,test,-0.06567741,-0.047759816,0.017917596
2023-04-06,2023-05-19,test,-0.030635504,-0.041149832,-0.010514328
2023-04-10,2023-05-22,test,-0.042915545,-0.09448302,-0.051567473
2023-04-11,2023-05-23,test,-0.069164544,-0.09953121,-0.030366667
2023-04-12,2023-05-24,test,-0.07723386,-0.12622276,-0.0489889
2023-04-13,2023-05-25,test,-0.038166776,-0.1290454,-0.09087862
2023-04-14,2023-05-26,test,-0.008485554,-0.12354672,-0.115061164
2023-04-17,2023-05-30,test,0.00571323,-0.05918467,-0.0648979
2023-04-18,2023-05-31,test,-0.07066777,-0.10454442,-0.03387665
2023-04-19,2023-06-01,test,0.045862645,-0.06948372,-0.115346365
2023-04-20,2023-06-02,test,0.045252822,-0.03527575,-0.08052857
2023-04-21,2023-06-05,test,0.07398428,-0.05560793,-0.12959221
2023-04-24,2023-06-06,test,0.039462224,-0.010410649,-0.04987287
2023-04-25,2023-06-07,test,0.03291587,-0.06929587,-0.10221174
2023-04-26,2023-06-08,test,-0.060539,-0.06735758,-0.0068185776
2023-04-27,2023-06-09,test,-0.037869297,-0.101561844,-0.06369255
2023-04-28,2023-06-12,test,-0.05214233,-0.11716875,-0.06502642
2023-05-01,2023-06-13,test,0.021902291,-0.07734847,-0.09925076
2023-05-02,2023-06-14,test,0.0493375,-0.123981684,-0.17331919
2023-05-03,2023-06-15,test,0.03678216,-0.118247174,-0.15502933
2023-05-04,2023-06-16,test,0.040255636,-0.087363884,-0.12761952
2023-05-05,2023-06-20,test,-0.019058501,-0.040864114,-0.021805612
2023-05-08,2023-06-21,test,0.0068610813,0.08424209,0.07738101
2023-05-09,2023-06-22,test,0.051861726,0.08147526,0.029613532
2023-05-10,2023-06-23,test,0.04196078,0.11127869,0.06931791
2023-05-11,2023-06-26,test,0.08505684,0.12112023,0.036063388
2023-05-12,2023-06-27,test,0.09223634,0.14486757,0.05263123
2023-05-15,2023-06-28,test,0.06569358,0.1064092,0.04071562
2023-05-16,2023-06-29,test,0.037146904,0.12607706,0.08893015
2023-05-17,2023-06-30,test,0.08921068,0.11235707,0.02314639
2023-05-18,2023-07-03,test,0.103806354,0.1611582,0.05735185
2023-05-19,2023-07-05,test,0.046825793,0.13477202,0.08794622
2023-05-22,2023-07-06,test,0.05718729,0.11388883,0.05670154
2023-05-23,2023-07-07,test,0.095583946,0.11447037,0.018886425
2023-05-24,2023-07-10,test,0.1272148,0.15491477,0.027699962
2023-05-25,2023-07-11,test,0.08067778,0.156546,0.07586822
2023-05-26,2023-07-12,test,0.034355313,0.1374421,0.103086784
2023-05-30,2023-07-13,test,-0.031332493,0.13622308,0.16755557
2023-05-31,2023-07-14,test,-0.028366325,0.11441768,0.142784
2023-06-01,2023-07-17,test,-0.021112235,0.124008924,0.14512116
2023-06-02,2023-07-18,test,0.020182641,0.09567016,0.075487524
2023-06-05,2023-07-19,test,0.0210154,0.1612504,0.14023499
2023-06-06,2023-07-20,test,0.017450439,0.09373519,0.07628475
2023-06-07,2023-07-21,test,0.08590815,0.13522913,0.049320973
2023-06-08,2023-07-24,test,0.05668068,0.10067441,0.043993734
2023-06-09,2023-07-25,test,0.10825469,0.103737794,-0.0045168996
2023-06-12,2023-07-26,test,0.16982278,0.13328724,-0.036535546
2023-06-13,2023-07-27,test,0.09956282,0.1270109,0.02744808
2023-06-14,2023-07-28,test,0.14626257,0.16695023,0.020687655
2023-06-15,2023-07-31,test,0.07002233,0.14285503,0.0728327
2023-06-16,2023-08-01,test,0.11625623,0.12717783,0.010921605
2023-06-20,2023-08-02,test,0.08025455,0.02910497,-0.051149577
2023-06-21,2023-08-03,test,0.129204,-0.028261524,-0.15746553
2023-06-22,2023-08-04,test,0.16478233,-0.028021581,-0.19280392
2023-06-23,2023-08-07,test,0.086593874,-0.049352255,-0.13594612
2023-06-26,2023-08-08,test,0.07981161,-0.01670366,-0.09651527
2023-06-27,2023-08-09,test,0.11832027,-0.0367135,-0.15503377
2023-06-28,2023-08-10,test,0.16693671,-0.02182573,-0.18876244
2023-06-29,2023-08-11,test,0.17174807,-0.0344104,-0.20615847
2023-06-30,2023-08-14,test,0.23109022,-0.03506906,-0.26615927
2023-07-03,2023-08-15,test,0.19005346,-0.06374579,-0.25379926
2023-07-05,2023-08-16,test,0.16429017,-0.05939493,-0.2236851
2023-07-06,2023-08-17,test,0.32097054,-0.10848743,-0.42945796
2023-07-07,2023-08-18,test,0.30711472,-0.14147621,-0.44859093
2023-07-10,2023-08-21,test,0.31416282,-0.14106213,-0.45522493
2023-07-11,2023-08-22,test,0.33976203,-0.14987434,-0.48963636
2023-07-12,2023-08-23,test,0.22367035,-0.13029915,-0.3539695
2023-07-13,2023-08-24,test,0.23127261,-0.16881648,-0.4000891
2023-07-14,2023-08-25,test,0.31620649,-0.14130647,-0.45751297
2023-07-17,2023-08-28,test,0.38241807,-0.13400628,-0.51642436
2023-07-18,2023-08-29,test,0.3983056,-0.0713133,-0.4696189
2023-07-19,2023-08-30,test,0.42965052,-0.087472916,-0.51712346
2023-07-20,2023-08-31,test,0.48438656,-0.12958314,-0.6139697
2023-07-21,2023-09-01,test,0.46464327,-0.1373518,-0.60199505
2023-07-24,2023-09-05,test,0.44173172,-0.11642538,-0.5581571
2023-07-25,2023-09-06,test,0.37749657,-0.118866384,-0.49636295
2023-07-26,2023-09-07,test,0.4388365,-0.10610732,-0.5449438
2023-07-27,2023-09-08,test,0.38785437,-0.11314472,-0.5009991
2023-07-28,2023-09-11,test,0.41930246,-0.14177008,-0.5610725
2023-07-31,2023-09-12,test,0.3430529,-0.11620782,-0.4592607
2023-08-01,2023-09-13,test,0.43360105,-0.116169274,-0.54977036
2023-08-02,2023-09-14,test,0.41090384,-0.08960925,-0.5005131
2023-08-03,2023-09-15,test,0.4090275,-0.08807754,-0.49710503
2023-08-04,2023-09-18,test,0.41413918,-0.079789616,-0.4939288
2023-08-07,2023-09-19,test,0.37251726,-0.06749219,-0.44000944
2023-08-08,2023-09-20,test,0.43641078,-0.08847441,-0.5248852
2023-08-09,2023-09-21,test,0.47255442,-0.10127571,-0.5738301
2023-08-10,2023-09-22,test,0.4619183,-0.096842095,-0.5587604
2023-08-11,2023-09-25,test,0.49503896,-0.10542433,-0.6004633
2023-08-14,2023-09-26,test,0.49360874,-0.108512826,-0.6021216
2023-08-15,2023-09-27,test,0.551579,-0.0965923,-0.6481713
2023-08-16,2023-09-28,test,0.5787449,-0.058541056,-0.63728595
2023-08-17,2023-09-29,test,0.59577036,0.009269607,-0.58650076
2023-08-18,2023-10-02,test,0.53337026,0.05686195,-0.47650832
2023-08-21,2023-10-03,test,0.49212906,0.04998587,-0.4421432
2023-08-22,2023-10-04,test,0.47739777,0.06790725,-0.40949053
2023-08-23,2023-10-05,test,0.38502157,0.03723838,-0.34778318
2023-08-24,2023-10-06,test,0.4165679,0.068198115,-0.34836978
2023-08-25,2023-10-09,test,0.36689034,0.058969185,-0.30792117
2023-08-28,2023-10-10,test,0.32767233,0.049217105,-0.27845523
2023-08-29,2023-10-11,test,0.19719742,-0.030802473,-0.2279999
2023-08-30,2023-10-12,test,0.14172305,-0.019799301,-0.16152236
2023-08-31,2023-10-13,test,0.14259245,0.03589855,-0.10669389
2023-09-01,2023-10-16,test,0.16304989,0.10537464,-0.05767525
2023-09-05,2023-10-17,test,0.15249687,0.102240786,-0.05025609
2023-09-06,2023-10-18,test,0.15349437,0.09999153,-0.053502843
2023-09-07,2023-10-19,test,0.11063511,0.09449668,-0.016138427
2023-09-08,2023-10-20,test,0.0947471,0.14580967,0.05106257
2023-09-11,2023-10-23,test,0.09437728,0.31489444,0.22051716
2023-09-12,2023-10-24,test,0.11480542,0.31231666,0.19751123
2023-09-13,2023-10-25,test,0.102859266,0.3154794,0.21262014
2023-09-14,2023-10-26,test,0.1278865,0.28700334,0.15911683
2023-09-15,2023-10-27,test,0.14137095,0.27438805,0.1330171
2023-09-18,2023-10-30,test,0.1365878,0.28960156,0.15301377
2023-09-19,2023-10-31,test,0.12791564,0.27403006,0.14611442
2023-09-20,2023-11-01,test,0.14024827,0.3061051,0.16585684
2023-09-21,2023-11-02,test,0.111939624,0.31506795,0.20312832
2023-09-22,2023-11-03,test,0.14605719,0.30673018,0.16067299
2023-09-25,2023-11-06,test,0.16097583,0.3322964,0.17132057
2023-09-26,2023-11-07,test,0.14001001,0.35191762,0.21190761
2023-09-27,2023-11-08,test,0.10413092,0.35300195,0.24887103
2023-09-28,2023-11-09,test,0.1411461,0.35792097,0.21677488
2023-09-29,2023-11-10,test,0.14752798,0.38653225,0.23900427
2023-10-02,2023-11-13,test,0.102374814,0.32587412,0.2234993
2023-10-03,2023-11-14,test,0.1214352,0.2955767,0.1741415
2023-10-04,2023-11-15,test,-0.0036871415,0.36264053,0.36632767
2023-10-05,2023-11-16,test,-0.10512521,0.3187513,0.42387652
2023-10-06,2023-11-17,test,-0.1053486,0.30952197,0.41487056
2023-10-09,2023-11-20,test,-0.08299652,0.35866424,0.44166076
2023-10-10,2023-11-21,test,-0.13793162,0.307502,0.44543362
2023-10-11,2023-11-22,test,-0.16597517,0.39291832,0.5588935
2023-10-12,2023-11-24,test,-0.11437368,0.40974566,0.5241193
2023-10-13,2023-11-27,test,-0.13724229,0.3868531,0.5240954
2023-10-16,2023-11-28,test,-0.1989979,0.32650048,0.5254984
2023-10-17,2023-11-29,test,-0.1467226,0.3323067,0.4790293
2023-10-18,2023-11-30,test,-0.14717056,0.33127263,0.4784432
2023-10-19,2023-12-01,test,-0.12668793,0.3471104,0.47379833
2023-10-20,2023-12-04,test,-0.2437834,0.41428325,0.65806663
2023-10-23,2023-12-05,test,-0.33304486,0.33229572,0.66534054
2023-10-24,2023-12-06,test,-0.3273117,0.29039747,0.61770916
2023-10-25,2023-12-07,test,-0.27624476,0.25475726,0.53100204
2023-10-26,2023-12-08,test,-0.33774135,0.29306015,0.6308015
2023-10-27,2023-12-11,test,-0.31405222,0.21628058,0.5303328
2023-10-30,2023-12-12,test,-0.35791403,0.20137343,0.5592874
2023-10-31,2023-12-13,test,-0.34700698,0.23719317,0.58420014
2023-11-01,2023-12-14,test,-0.37446907,0.21408878,0.58855784
2023-11-02,2023-12-15,test,-0.3319992,0.20011069,0.5321099
2023-11-03,2023-12-18,test,-0.3298116,0.22720088,0.5570125
2023-11-06,2023-12-19,test,-0.27349234,0.20644118,0.4799335
2023-11-07,2023-12-20,test,-0.28173122,0.23159882,0.51333004
2023-11-08,2023-12-21,test,-0.27490443,0.23036912,0.5052736
2023-11-09,2023-12-22,test,-0.2640303,0.19907755,0.46310785
2023-11-10,2023-12-26,test,-0.26033476,0.13953042,0.39986518
2023-11-13,2023-12-27,test,-0.26234442,0.19013841,0.45248282
2023-11-14,2023-12-28,test,-0.28080678,0.19951282,0.48031962
2023-11-15,2023-12-29,test,-0.2185386,0.111371584,0.3299102
2023-11-16,2024-01-02,test,-0.21444765,0.24348652,0.45793417
2023-11-17,2024-01-03,test,-0.19563998,0.17082128,0.36646128
2023-11-20,2024-01-04,test,-0.18674837,0.17885563,0.36560398
2023-11-21,2024-01-05,test,-0.16145363,0.23311897,0.39457262
2023-11-22,2024-01-08,test,-0.17604385,0.25481078,0.43085462
2023-11-24,2024-01-09,test,-0.18116711,0.22320749,0.4043746
2023-11-27,2024-01-10,test,-0.12099133,0.25161237,0.37260368
2023-11-28,2024-01-11,test,-0.11155743,0.2256742,0.33723164
2023-11-29,2024-01-12,test,-0.048901573,0.13193013,0.1808317
2023-11-30,2024-01-16,test,0.026028337,0.14430663,0.118278295
2023-12-01,2024-01-17,test,0.057014354,0.10478246,0.04776811
2023-12-04,2024-01-18,test,-0.004410578,-0.017104274,-0.012693696
2023-12-05,2024-01-19,test,-0.11079774,-0.055857666,0.054940075
